,Institution,Rank,Federal government,State and local government,Institution funds,Business,Nonprofit organizations,All other sources,All R&D expenditures,State,system,HBC,HHE
0,All institutions,-,53971468000,4907199000,24492663000,5701656000,5974155000,2633387000,0,,,,
1,Johns Hopkins U.,1,2971816000,7785000,158738000,120023000,153334000,8616000,3420312000,Maryland,Private,No,No
2,"U. California, San Francisco",2,780318000,40658000,438949000,128983000,251612000,165430000,1805950000,California,Public,No,No
3,U. Pennsylvania,3,873318000,23189000,562094000,204216000,120832000,7662000,1791311000,Pennsylvania,Private,No,No
4,"U. Michigan, Ann Arbor",4,970636000,1592000,612187000,106122000,71520000,8651000,1770708000,Michigan,Public,No,No
5,"U. Washington, Seattle",5,1083090000,19188000,117096000,61099000,231172000,48063000,1559708000,Washington,Public,No,No
6,"U. California, Los Angeles",6,848138000,89554000,287147000,87218000,187416000,36724000,1536197000,California,Public,No,No
7,"U. California, San Diego",7,970696000,58556000,213400000,106189000,111854000,72662000,1533357000,California,Public,No,No
8,U. Wisconsin-Madison,8,740854000,109946000,463759000,40450000,127756000,40748000,1523513000,Wisconsin,Public (U. Wisconsin System),No,No
9,Duke U.,9,901807000,802000,167200000,208132000,92526000,20071000,1390538000,North Carolina,Private,No,No
10,Stanford U.,10,860125000,20064000,169346000,138118000,189536000,7366000,1384555000,California,Private,No,No
11,Ohio State U.,11,636902000,66409000,424790000,141894000,52073000,41320000,1363388000,Ohio,Public,No,No
12,"U. North Carolina, Chapel Hill",12,827158000,38681000,343102000,49664000,84942000,17481000,1361028000,North Carolina,Public (U. North Carolina),No,No
13,Harvard U.,13,628683000,5379000,415763000,62034000,179073000,17526000,1308458000,Massachusetts,Private,No,No
14,Cornell U.,14,636481000,88200000,250308000,55328000,115788000,154252000,1300357000,New York,Private,No,No
15,New York U.,15,668381000,17982000,296131000,58776000,101175000,133593000,1276038000,New York,Private,No,No
16,"U. Pittsburgh, Pittsburgh",16,814647000,10753000,281033000,36310000,63172000,46083000,1251998000,Pennsylvania,Public,No,No
17,Georgia Institute of Technology,17,940488000,117204000,62025000,82540000,25348000,3880000,1231485000,Georgia,Public (U. System Georgia Board of Regents),No,No
18,Columbia U. in the City of New York,18,904346000,6391000,113189000,83684000,121435000,1879000,1230924000,New York,Private,No,No
19,U. Maryland,19,750447000,49950000,334100000,34844000,52546000,6663000,1228550000,Maryland,Public,No,No
20,"U. Minnesota, Twin Cities",20,652384000,73329000,345240000,51926000,45113000,34092000,1202084000,Minnesota,Public,No,No
21,Yale U.,21,689270000,2364000,343754000,76240000,75151000,4422000,1191201000,Connecticut,Private,No,No
22,U. Texas M. D. Anderson Cancer Center,22,225659000,297033000,231583000,241850000,34523000,151888000,1182536000,Texas,Public,No,No
23,"Texas A&M U., College Station and Health Science Center",23,505355000,218735000,315112000,35535000,47156000,30773000,1152666000,Texas,Public,No,Yes
24,Vanderbilt U. and Vanderbilt U. Medical Center,24,666282000,2954000,301424000,83213000,29292000,3058000,1086223000,Tennessee,Private,No,No
25,U. Florida,25,467739000,171655000,327074000,39233000,51825000,28308000,1085834000,Florida,Public (State U. Florida Board of Governors),No,No
26,"Washington U., Saint Louis",26,681353000,638000,154896000,121140000,86700000,2371000,1047098000,Missouri,Private,No,No
27,U. Southern California,27,601747000,11421000,201486000,91844000,58895000,74512000,1039905000,California,Private,No,No
28,"Pennsylvania State U., University Park and Hershey Medical Center",28,681159000,47345000,207630000,24121000,30128000,29557000,1019940000,Pennsylvania,Public,No,No
29,Northwestern U.,29,618771000,783000,262434000,59850000,51091000,7766000,1000695000,Illinois,Private,No,No
30,Massachusetts Institute of Technology,30,531056000,2523000,117128000,165200000,100640000,72619000,989166000,Massachusetts,Private,No,No
31,"U. California, Berkeley",31,468542000,37894000,210324000,69062000,169790000,25423000,981035000,California,Public,No,No
32,Emory U.,32,568149000,522000,252545000,64536000,70269000,2260000,958281000,Georgia,Private,No,No
33,Icahn School of Medicine at Mount Sinai,33,610646000,3652000,132627000,81384000,50251000,15408000,893968000,New York,Private,No,No
34,"U. California, Davis",34,468468000,71806000,211277000,50684000,42552000,39020000,883807000,California,Public,No,No
35,"U. Texas, Austin",35,536296000,31721000,151594000,76512000,45893000,3880000,845896000,Texas,Public,No,Yes
36,Baylor C. of Medicine,36,420054000,35155000,292730000,28251000,50815000,0,827005000,Texas,Private,No,No
37,U. Arizona,37,374936000,30993000,254878000,27911000,28814000,106808000,824340000,Arizona,Public,No,Yes
38,Arizona State U.,38,309094000,98817000,282983000,21980000,62833000,21517000,797224000,Arizona,Public,No,No
39,"U. Illinois, Urbana-Champaign",39,420953000,28024000,215146000,49272000,33693000,18821000,765909000,Illinois,Public,No,No
40,Michigan State U.,40,381504000,42516000,291592000,10942000,17393000,15282000,759229000,Michigan,Public,No,No
41,"Purdue U., West Lafayette",41,352890000,39511000,227592000,69428000,25281000,39925000,754627000,Indiana,Public,No,No
42,"Indiana U., Bloomington",42,360300000,3951000,272216000,34091000,67315000,13436000,751309000,Indiana,Public,No,No
43,Boston U.,43,413102000,752000,187662000,22525000,84116000,17245000,725402000,Massachusetts,Private,No,No
44,U. Texas Southwestern Medical Center,44,298154000,85808000,166635000,47282000,54435000,66688000,719002000,Texas,Public,No,No
45,"U. Alabama, Birmingham",45,421223000,8816000,172809000,73595000,35196000,1841000,713480000,Alabama,Public,No,No
46,"Rutgers, State U. New Jersey, New Brunswick",46,351660000,90882000,149889000,44250000,71821000,3729000,712231000,New Jersey,Public,No,No
47,U. Utah,47,367040000,3347000,221473000,43073000,31556000,3630000,670119000,Utah,Public (Utah System of Higher Education),No,No
48,"U. Virginia, Charlottesville",48,332993000,9520000,187912000,32511000,32320000,67402000,662658000,Virginia,Public,No,No
49,U. Cincinnati,49,350392000,6044000,161967000,45002000,38204000,13461000,615070000,Ohio,Public,No,No
50,U. Colorado Boulder,50,507892000,5422000,46096000,11316000,17307000,23347000,611380000,Colorado,Public,No,No
51,U. Colorado Anschutz Medical Campus,51,429949000,24575000,47955000,52346000,43531000,13002000,611358000,Colorado,Public,No,No
52,U. Iowa,52,314346000,5957000,220605000,32201000,21085000,21000,594215000,Iowa,Public (Iowa Board of Regents),No,No
53,Virginia Polytechnic Institute and State U.,53,240305000,75010000,225690000,37005000,6972000,6879000,591861000,Virginia,Public,No,No
54,U. Chicago,54,456806000,322000,40734000,46694000,45554000,1695000,591805000,Illinois,Private,No,No
55,North Carolina State U.,55,250582000,130707000,145171000,52960000,3451000,332000,583203000,North Carolina,Public (U. North Carolina),No,No
56,U. Georgia,56,220343000,55206000,237894000,12775000,12380000,7033000,545631000,Georgia,Public (U. System Georgia Board of Regents),No,No
57,"U. California, Irvine",57,291393000,15008000,115832000,42941000,33110000,36663000,534947000,California,Public,No,Yes
58,Scripps Research Institute,58,242135000,1424000,164488000,35318000,49274000,0,492639000,California,Private,No,No
59,Oregon Health and Science U.,59,346724000,1322000,45950000,43965000,40925000,340000,479226000,Oregon,Public,No,No
60,California Institute of Technology,60,326401000,5009000,54587000,17200000,52970000,21975000,478142000,California,Private,No,No
61,U. Kentucky,61,253852000,32619000,137897000,10715000,13292000,28142000,476517000,Kentucky,Public (Kentucky Council on Postsecondary Education),No,No
62,Case Western Reserve U.,62,380423000,6503000,53133000,4856000,20142000,2332000,467389000,Ohio,Private,No,No
63,Princeton U.,63,218390000,255000,102851000,17455000,73840000,48394000,461185000,New Jersey,Private,No,No
64,"Colorado State U., Fort Collins",64,316727000,30749000,65700000,11888000,22618000,9229000,456911000,Colorado,Public,No,No
65,U. Rochester,65,334503000,2037000,53315000,36329000,18783000,5838000,450805000,New York,Private,No,No
66,Carnegie Mellon U.,66,259160000,4379000,123903000,42115000,13772000,6378000,449707000,Pennsylvania,Private,No,No
67,"U. Illinois, Chicago",67,251328000,6914000,131574000,11917000,30691000,8149000,440573000,Illinois,Public,No,Yes
68,"SUNY, U. Buffalo",68,218231000,33635000,122816000,29723000,26045000,9259000,439709000,New York,Public,No,No
69,U. Miami,69,265212000,18607000,97990000,35378000,21416000,697000,439300000,Florida,Private,No,No
70,"U. Missouri, Columbia",70,182432000,35573000,181090000,17608000,10296000,5311000,432310000,Missouri,Public (Missouri Department of Higher Education),No,No
71,"SUNY, Polytechnic Institute",71,32396000,97519000,110878000,169101000,223000,3646000,413763000,New York,Public,No,No
72,"U. Oklahoma, Norman and Health Science Center",72,210994000,26614000,140592000,15450000,11616000,3390000,408656000,Oklahoma,Public (Oklahoma State System of Higher Education),No,No
73,Virginia Commonwealth U.,73,166726000,34539000,173811000,16124000,14537000,161000,405898000,Virginia,Public,No,No
74,U. Kansas,74,200117000,29376000,120620000,29384000,12073000,13697000,405267000,Kansas,Public (Kansas Board of Regents),No,No
75,U. South Florida,75,206552000,24683000,146620000,12463000,12424000,2424000,405166000,Florida,Public (State U. Florida Board of Governors),No,No
76,Iowa State U.,76,187156000,37071000,134050000,18924000,15284000,699000,393184000,Iowa,Public (Iowa Board of Regents),No,No
77,Washington State U.,77,187580000,54610000,103067000,9099000,13119000,921000,368396000,Washington,Public,No,No
78,U. Delaware,78,194775000,11552000,142398000,5839000,5252000,8291000,368107000,Delaware,Public,No,No
79,U. Connecticut,79,230752000,4242000,103966000,11371000,13166000,4060000,367557000,Connecticut,Public,No,No
80,Rockefeller U.,80,94693000,102000,225209000,2292000,37218000,1363000,360877000,New York,Private,No,No
81,"U. Massachusetts, Medical School",81,258147000,2878000,49909000,20870000,20992000,5408000,358204000,Massachusetts,Public,No,No
82,Florida State U.,82,163744000,24003000,152444000,4914000,3723000,7158000,355986000,Florida,Public (State U. Florida Board of Governors),No,No
83,Utah State U.,83,280866000,22243000,28019000,6871000,578000,6274000,344851000,Utah,Public (Utah System of Higher Education),No,No
84,"Louisiana State U., Baton Rouge",84,111886000,69770000,138650000,13449000,4727000,6074000,344556000,Louisiana,Public (State of Louisiana Board of Regents),No,No
85,Dartmouth C. and Dartmouth Hitchcock Medical Center,85,155445000,1344000,156384000,2383000,19943000,8627000,344126000,New Hampshire,Private,No,No
86,"U. Texas Health Science Center, Houston",86,184205000,46379000,55120000,15764000,28031000,13134000,342633000,Texas,Public,No,No
87,"U. Nebraska, Lincoln",87,113248000,61070000,134864000,19767000,6247000,5064000,340260000,Nebraska,Public,No,No
88,U. New Mexico,88,232774000,6491000,67949000,4625000,17427000,1898000,331164000,New Mexico,Public (New Mexico Higher Education Department),No,Yes
89,"U. Tennessee, Knoxville",89,149260000,15785000,138287000,9528000,7012000,4563000,324435000,Tennessee,Public,No,No
90,Thomas Jefferson U.,90,173861000,14252000,63739000,26469000,24927000,18396000,321644000,Pennsylvania,Private,No,No
91,Medical C. Wisconsin,91,152301000,586000,102906000,35121000,27050000,3542000,321506000,Wisconsin,Private,No,No
92,Albert Einstein C. of Medicine,92,220780000,719000,73665000,3820000,19330000,0,318314000,New York,Private,No,No
93,Georgetown U.,93,127213000,1144000,81692000,16111000,61547000,25513000,313220000,District of Columbia,Private,No,No
94,"SUNY, Stony Brook U.",94,184154000,16238000,88630000,9512000,11750000,2414000,312698000,New York,Public,No,No
95,Brown U.,95,215067000,9000,56819000,4247000,28539000,6099000,310780000,Rhode Island,Private,No,No
96,"Auburn U., Auburn",96,104883000,33555000,143876000,8338000,1912000,11875000,304439000,Alabama,Public,No,No
97,Mississippi State U.,97,138207000,92113000,60534000,3170000,7928000,1466000,303418000,Mississippi,Public (Mississippi State Institutions of Higher Learning),No,No
98,Temple U.,98,143580000,8109000,99543000,26463000,17459000,6241000,301395000,Pennsylvania,Public,No,No
99,Oregon State U.,99,192621000,50654000,28792000,8037000,2772000,15058000,297934000,Oregon,Public,No,No
100,Medical U. South Carolina,100,163395000,4565000,76566000,20932000,9097000,9998000,284553000,South Carolina,Public,No,No
101,Florida International U.,101,129683000,20013000,120737000,2800000,7184000,1248000,281665000,Florida,Public (State U. Florida Board of Governors),No,Yes
102,U. Notre Dame,102,124411000,487000,94156000,16225000,21210000,24115000,280604000,Indiana,Private,No,No
103,"U. California, Santa Barbara",103,161241000,6212000,57814000,16324000,27839000,9467000,278897000,California,Public,No,Yes
104,"U. Hawaii, Manoa",104,169762000,17799000,75287000,2304000,11546000,625000,277323000,Hawaii,Public (U. Hawaii System),No,No
105,"U. Hawaii, Manoa",104,169762000,17799000,75287000,2304000,11546000,625000,1147000,Hawaii,Public (U. Hawaii System),No,No
106,Uniformed Services U. of the Health Sciences,105,194187000,0,75736000,0,7317000,0,277240000,Maryland,Public,No,No
107,George Washington U.,106,161867000,2264000,67384000,5048000,25886000,13034000,275483000,District of Columbia,Private,No,No
108,Wake Forest U.,107,180754000,9209000,26816000,22212000,21022000,9096000,269109000,North Carolina,Private,No,No
109,Clemson U.,108,119512000,25685000,95211000,17690000,4796000,264000,263158000,South Carolina,Public,No,No
110,Wichita State U.,109,93367000,18882000,28618000,120443000,170000,39000,261519000,Kansas,Public (Kansas Board of Regents),No,No
111,Woods Hole Oceanographic Institution,110,211550000,398000,10972000,3874000,12807000,15416000,255017000,Massachusetts,Private,No,No
112,"U. Massachusetts, Amherst",111,129044000,12632000,79588000,8582000,8646000,6666000,245158000,Massachusetts,Public,No,No
113,Wayne State U.,112,126814000,9796000,78061000,6556000,17750000,3270000,242247000,Michigan,Public,No,No
114,U. Houston,113,84295000,28999000,107699000,9709000,6502000,2922000,240126000,Texas,Public,No,Yes
115,"U. Texas Health Science Center, San Antonio",114,119071000,27587000,57408000,9276000,24858000,310000,238510000,Texas,Public,No,Yes
116,Northeastern U.,115,150093000,1747000,55478000,12107000,11909000,273000,231607000,Massachusetts,Private,No,No
117,Tufts U.,116,150081000,3780000,29719000,12765000,11331000,23548000,231224000,Massachusetts,Private,No,No
118,George Mason U.,117,119406000,5816000,55812000,6969000,35685000,6380000,230068000,Virginia,Public,No,No
119,U. Louisville,118,117363000,11543000,63606000,11915000,8259000,16896000,229582000,Kentucky,Public (Kentucky Council on Postsecondary Education),No,No
120,"U. South Carolina, Columbia",119,106752000,13021000,95360000,4322000,8292000,1415000,229162000,South Carolina,Public,No,No
121,Texas Tech U.,120,45136000,29861000,121050000,13367000,16426000,889000,226729000,Texas,Public,No,Yes
122,Tulane U.,121,127544000,4215000,51561000,10974000,13868000,14443000,222605000,Louisiana,Private,No,No
123,U. Central Florida,122,110131000,8500000,82434000,11278000,5068000,4077000,221488000,Florida,Public (State U. Florida Board of Governors),No,Yes
124,U. Vermont,123,117163000,1379000,82412000,2785000,7081000,5487000,216307000,Vermont,Public,No,No
125,Rice U.,124,105345000,5071000,63401000,5535000,31834000,5016000,216202000,Texas,Private,No,No
126,Georgia State U.,125,81641000,6415000,112773000,502000,13940000,637000,215908000,Georgia,Public (U. System Georgia Board of Regents),No,No
127,West Virginia U.,126,97327000,9769000,79689000,5016000,3862000,18418000,214081000,West Virginia,Public (West Virginia Higher Education Policy Commission),No,No
128,Kansas State U.,127,81820000,40926000,72772000,8259000,8047000,1150000,212974000,Kansas,Public (Kansas Board of Regents),No,No
129,U. Dayton,128,203206000,756000,853000,5620000,408000,651000,211494000,Ohio,Private,No,No
130,U. New Hampshire,129,129721000,3938000,56891000,9893000,5107000,842000,206392000,New Hampshire,Public (U. System of New Hampshire),No,No
131,U. Arkansas for Medical Sciences,130,95080000,15287000,71431000,11022000,6253000,6420000,205493000,Arkansas,Public,No,No
132,"U. Nebraska, Medical Center",131,114754000,12652000,39600000,8591000,14617000,15039000,205253000,Nebraska,Public,No,No
133,"U. Louisiana, Lafayette",132,77110000,10541000,42605000,74657000,288000,0,205201000,Louisiana,Public (State of Louisiana Board of Regents),No,No
134,U. Texas Medical Branch,133,123467000,8481000,53371000,7267000,11932000,0,204518000,Texas,Public,No,Yes
135,"U. Alaska, Fairbanks",134,154742000,1508000,39501000,3346000,1433000,1986000,202516000,Alaska,Public (U. Alaska System),No,No
136,"Montana State U., Bozeman",135,118974000,18147000,55164000,1546000,3208000,3781000,200820000,Montana,Public (Montana U. System),No,No
137,"U. California, Riverside",136,114257000,8566000,51532000,6267000,8538000,9975000,199135000,California,Public,No,Yes
138,"Oklahoma State U., Stillwater",137,53885000,21322000,106925000,11236000,1351000,322000,195041000,Oklahoma,Public (Oklahoma State System of Higher Education),No,No
139,"U. Arkansas, Fayetteville",138,64252000,48654000,59522000,4705000,5742000,1205000,184080000,Arkansas,Public,No,No
140,"U. Nevada, Reno",139,83631000,7477000,78594000,2787000,2018000,7275000,181782000,Nevada,Public (Nevada System of Higher Education),No,No
141,"U. California, Santa Cruz",140,107082000,7101000,34599000,7330000,13485000,7163000,176760000,California,Public,No,Yes
142,North Dakota State U.,141,45343000,50066000,71056000,1507000,864000,6068000,174904000,North Dakota,Public (North Dakota U. System),No,No
143,U. Maine,142,84072000,19449000,60064000,3848000,2568000,1930000,171931000,Maine,Public,No,No
144,"U. Alabama, Huntsville",143,132060000,5091000,30776000,626000,496000,483000,169532000,Alabama,Public,No,No
145,New Jersey Institute of Technology,144,71326000,14576000,62576000,1872000,7207000,9578000,167135000,New Jersey,Public,No,No
146,"U. Alabama, Tuscaloosa",145,67986000,17040000,73435000,2701000,1631000,411000,163204000,Alabama,Public,No,No
147,U. Oregon,146,97238000,1061000,55247000,782000,5795000,377000,160500000,Oregon,Public,No,No
148,Syracuse U.,147,33976000,3890000,101347000,8568000,9378000,248000,157407000,New York,Private,No,No
149,U. Mississippi,148,84270000,183000,61653000,2696000,3489000,612000,152903000,Mississippi,Public (Mississippi State Institutions of Higher Learning),No,No
150,Drexel U.,149,99399000,3418000,36121000,2323000,7882000,2760000,151903000,Pennsylvania,Private,No,No
151,U. North Dakota,150,62737000,26441000,44072000,13559000,727000,181000,147717000,North Dakota,Public (North Dakota U. System),No,No
152,"U. Texas, San Antonio",151,54384000,13795000,64443000,5765000,6123000,3119000,147629000,Texas,Public,No,Yes
153,U. Wyoming,152,68772000,5592000,58184000,4099000,2167000,950000,139764000,Wyoming,Public (Wyoming Department of Education),No,No
154,"U. Texas, Arlington",153,56025000,27482000,38339000,2935000,6948000,2041000,133770000,Texas,Public,No,Yes
155,"U. Texas, Dallas",154,60706000,13882000,32378000,9499000,14449000,0,130914000,Texas,Public,No,No
156,"SUNY, Binghamton U.",155,24888000,5225000,94515000,3458000,1306000,1490000,130882000,New York,Public,No,No
157,"U. Texas, El Paso",156,60387000,15999000,41654000,1177000,2151000,9133000,130501000,Texas,Public,No,Yes
158,"SUNY, U. Albany",157,51492000,1234000,71042000,735000,2963000,2330000,129796000,New York,Public,No,No
159,U. Rhode Island,158,93190000,5508000,24722000,1304000,3470000,908000,129102000,Rhode Island,Public,No,No
160,Augusta U.,159,64609000,95000,51995000,3451000,6725000,438000,127313000,Georgia,Public (U. System Georgia Board of Regents),No,No
161,"U. Montana, Missoula",160,73507000,659000,48353000,709000,2220000,155000,125603000,Montana,Public (Montana U. System),No,No
162,San Diego State U.,161,50540000,4812000,64484000,457000,2489000,1074000,123856000,California,Public,No,Yes
163,Rensselaer Polytechnic Institute,162,50605000,3485000,47193000,15282000,2012000,3232000,121809000,New York,Private,No,No
164,New Mexico State U.,163,71718000,23036000,16167000,2451000,2366000,5734000,121472000,New Mexico,Public (New Mexico Higher Education Department),No,Yes
165,Cold Spring Harbor Laboratory,164,59163000,134000,36235000,3766000,18736000,0,118034000,New York,Private,No,No
166,U. Idaho,165,56160000,35703000,17659000,1923000,766000,3392000,115603000,Idaho,Public,No,No
167,"U. Tennessee, Health Science Center",166,60221000,6205000,32641000,3958000,6232000,5904000,115161000,Tennessee,Public,No,No
168,Rush U.,167,79647000,1548000,9884000,15789000,8006000,0,114874000,Illinois,Private,No,Yes
169,"U. Massachusetts, Lowell",168,62195000,2599000,39067000,4463000,2112000,708000,111144000,Massachusetts,Public,No,No
170,"U. Maryland, Baltimore County",169,65368000,7264000,31743000,1958000,2611000,1375000,110319000,Maryland,Public,No,No
171,Texas State U.,170,38936000,3810000,60338000,1102000,5800000,116000,110102000,Texas,Public,No,Yes
172,Brandeis U.,171,44205000,1027000,40627000,1100000,11813000,3606000,102378000,Massachusetts,Private,No,No
173,Colorado School of Mines,172,66200000,1446000,13739000,9580000,2329000,5110000,98404000,Colorado,Public,No,No
174,"U. Nevada, Las Vegas",173,28867000,2174000,59398000,1656000,809000,2063000,94967000,Nevada,Public (Nevada System of Higher Education),No,Yes
175,"U. North Texas, Denton",174,23056000,5007000,61728000,1979000,1762000,6000,93538000,Texas,Public,No,Yes
176,Michigan Technological U.,175,48766000,999000,32247000,6687000,591000,1794000,91084000,Michigan,Public,No,No
177,New Mexico Institute of Mining and Technology,176,72594000,10532000,2895000,2922000,269000,688000,89900000,New Mexico,Public (New Mexico Higher Education Department),No,Yes
178,Saint Louis U.,177,42170000,355000,22991000,5459000,11584000,181000,82740000,Missouri,Private,No,No
179,Cleveland State U.,178,53395000,848000,18497000,3481000,4812000,192000,81225000,Ohio,Public,No,No
180,Van Andel Research Institute,179,29424000,701000,35812000,227000,4633000,7829000,78626000,Michigan,Private,No,No
181,William & Mary,180,33730000,4124000,30035000,966000,4212000,2886000,75953000,Virginia,Public,No,No
182,U. Southern Mississippi,181,48368000,11944000,10942000,555000,668000,0,72477000,Mississippi,Public (Mississippi State Institutions of Higher Learning),No,No
183,San Jose State U.,182,30984000,7796000,27661000,1792000,2296000,1166000,71695000,California,Public,No,Yes
184,U. Memphis,183,24686000,8365000,33900000,1084000,3045000,191000,71271000,Tennessee,Public,No,No
185,Boston C.,184,36560000,1439000,13949000,652000,15649000,709000,68958000,Massachusetts,Private,No,No
186,American U.,185,14752000,874000,40650000,428000,8424000,2488000,67616000,District of Columbia,Private,No,No
187,Howard U.,186,37331000,1197000,23130000,2908000,1816000,1212000,67594000,District of Columbia,Private,Yes,No
188,Northern Arizona U.,187,43453000,7055000,14501000,813000,768000,139000,66729000,Arizona,Public,No,Yes
189,Baylor U.,188,15856000,2211000,34144000,3165000,7682000,2956000,66014000,Texas,Private,No,No
190,"CUNY, City C.",189,38596000,11892000,13103000,467000,1311000,200000,65569000,New York,Public,No,Yes
191,"U. Massachusetts, Boston",190,23131000,8852000,25606000,2043000,4958000,625000,65215000,Massachusetts,Public,No,No
192,Old Dominion U.,191,27804000,12866000,19957000,820000,2515000,915000,64877000,Virginia,Public,No,No
193,U. Toledo,192,36694000,1211000,19679000,3312000,3509000,249000,64654000,Ohio,Public,No,No
194,U. Texas Rio Grande Valley,193,18317000,5380000,32862000,212000,7326000,304000,64401000,Texas,Public,No,Yes
195,"Indiana U.-Purdue U., Indianapolis",194,29353000,413000,27461000,1313000,5475000,147000,64162000,Indiana,Public,No,No
196,Naval Postgraduate School,195,44852000,0,18483000,313000,66000,341000,64055000,California,Public,No,No
197,Rochester Institute of Technology,196,33373000,7076000,16109000,2789000,1998000,1038000,62383000,New York,Private,No,No
198,Florida Atlantic U.,197,28641000,7443000,15422000,2431000,5831000,1980000,61748000,Florida,Public (State U. Florida Board of Governors),No,Yes
199,South Dakota State U.,198,22991000,16267000,4841000,1278000,2537000,11676000,59590000,South Dakota,Public,No,No
200,Southern Methodist U.,199,17680000,1106000,33929000,1918000,2751000,160000,57544000,Texas,Private,No,No
201,Worcester Polytechnic Institute,200,34004000,3041000,14261000,3308000,1414000,876000,56904000,Massachusetts,Private,No,No
202,U. Wisconsin-Milwaukee,201,24036000,16504000,12368000,1535000,935000,1444000,56822000,Wisconsin,Public (U. Wisconsin System),No,No
203,East Carolina U.,202,29648000,408000,19542000,3991000,1783000,321000,55693000,North Carolina,Public (U. North Carolina),No,No
204,"U. California, Office of the President",203,158000,34007000,20390000,0,0,85000,54640000,California,Public,No,No
205,"Louisiana State U., Health Sciences Center, New Orleans",204,33087000,168000,13488000,3193000,3275000,784000,53995000,Louisiana,Public (State of Louisiana Board of Regents),No,No
206,U. Maryland Center for Environmental Science,205,15109000,26071000,10222000,223000,1792000,301000,53718000,Maryland,Public,No,No
207,Stevens Institute of Technology,206,41836000,2264000,5895000,2608000,539000,421000,53563000,New Jersey,Private,No,No
208,Missouri U. of Science and Technology,207,28792000,227000,15993000,4559000,662000,3124000,53357000,Missouri,Public (Missouri Department of Higher Education),No,No
209,"U. Missouri, Kansas City",208,31134000,225000,17201000,338000,969000,2790000,52657000,Missouri,Public (Missouri Department of Higher Education),No,No
210,Ohio U.,209,20587000,1035000,26187000,3634000,634000,388000,52465000,Ohio,Public,No,No
211,Kent State U.,210,16195000,1308000,32748000,640000,1242000,42000,52175000,Ohio,Public,No,No
212,Lehigh U.,211,36535000,2342000,11162000,595000,1060000,75000,51769000,Pennsylvania,Private,No,No
213,Florida A&M U.,212,41943000,1510000,6256000,334000,593000,0,50636000,Florida,Public (State U. Florida Board of Governors),Yes,No
214,"SUNY, Upstate Medical U.",213,27737000,2261000,10660000,5883000,2331000,1714000,50586000,New York,Public,No,No
215,Mercer U.,214,32504000,46000,9218000,4083000,112000,4259000,50222000,Georgia,Private,No,No
216,"U. California, Merced",215,23421000,5992000,14279000,768000,1918000,1769000,48147000,California,Public,No,Yes
217,North Carolina A&T State U.,216,29094000,3899000,14445000,261000,195000,14000,47908000,North Carolina,Public (U. North Carolina),Yes,No
218,Boise State U.,217,32015000,2842000,11230000,536000,876000,118000,47617000,Idaho,Public,No,No
219,"U. Puerto Rico, Medical Sciences Campus",218,35050000,1005000,8295000,3228000,0,0,47578000,Puerto Rico,Public (U. Puerto Rico),No,Yes
220,"Southern Illinois U., Carbondale",219,13582000,802000,24670000,7169000,744000,0,46967000,Illinois,Public,No,No
221,"Texas Tech U., Health Sciences Center",220,14620000,16937000,9544000,508000,2963000,2002000,46574000,Texas,Public,No,Yes
222,"Loyola U., Chicago",221,26972000,204000,9904000,3527000,3955000,1607000,46169000,Illinois,Private,No,No
223,"Brigham Young U., Provo",222,31636000,1032000,6962000,3577000,2171000,232000,45610000,Utah,Private,No,No
224,U. Denver,223,26040000,4419000,6953000,1937000,5210000,1002000,45561000,Colorado,Private,No,No
225,Air Force Institute of Technology,224,32479000,0,11869000,43000,0,0,44391000,Ohio,Public,No,No
226,U. South Alabama,225,23762000,998000,15313000,1232000,1383000,803000,43491000,Alabama,Public,No,No
227,"U. North Carolina, Charlotte",226,26871000,1158000,11848000,2689000,560000,0,43126000,North Carolina,Public (U. North Carolina),No,No
228,Morehouse School of Medicine,227,31339000,440000,7155000,0,3555000,0,42489000,Georgia,Private,Yes,No
229,Portland State U.,228,30922000,2635000,3949000,636000,2882000,459000,41483000,Oregon,Public,No,No
230,"U. North Carolina, Greensboro",229,29822000,524000,9054000,593000,579000,731000,41303000,North Carolina,Public (U. North Carolina),No,No
231,Marquette U.,230,15316000,207000,16222000,752000,2440000,5701000,40638000,Wisconsin,Private,No,No
232,U. West Florida,231,17114000,203000,20673000,683000,197000,0,38870000,Florida,Public (State U. Florida Board of Governors),No,No
233,Catholic U. of America,232,26285000,130000,4211000,370000,7195000,0,38191000,District of Columbia,Private,No,No
234,Oakland U.,233,9533000,2911000,18539000,2613000,2636000,1829000,38061000,Michigan,Public,No,No
235,San Francisco State U.,234,15276000,2013000,18257000,53000,990000,28000,36617000,California,Public,No,Yes
236,U.S. Air Force Academy,235,35826000,0,0,680000,0,0,36506000,Colorado,Public,No,No
237,Georgia Southern U.,236,2605000,322000,28826000,4608000,1000,0,36362000,Georgia,Public (U. System Georgia Board of Regents),No,No
238,Texas A&M U.-Corpus Christi,237,15229000,9903000,5287000,90000,2782000,2723000,36014000,Texas,Public,No,Yes
239,"CUNY, Hunter C.",238,21142000,3367000,8895000,716000,1165000,63000,35348000,New York,Public,No,Yes
240,Chapman U.,239,11098000,854000,13710000,425000,7989000,136000,34212000,California,Private,No,No
241,"U. Texas Health Science Center, Tyler",240,14362000,8127000,6016000,858000,4509000,0,33872000,Texas,Public,No,No
242,"California Polytechnic State U., San Luis Obispo",241,15084000,3155000,9964000,2008000,2890000,54000,33155000,California,Public,No,No
243,"U. Massachusetts, Dartmouth",242,11162000,1519000,18713000,1035000,440000,267000,33136000,Massachusetts,Public,No,No
244,"SUNY, C. of Environmental Science and Forestry",243,7766000,14020000,8411000,795000,817000,1095000,32904000,New York,Public,No,No
245,Montclair State U.,244,5189000,619000,24540000,54000,1683000,117000,32202000,New Jersey,Public,No,Yes
246,Nova Southeastern U.,245,9314000,3571000,16839000,417000,616000,432000,31189000,Florida,Private,No,Yes
247,"Teachers C., Columbia U.",246,10177000,4357000,0,1846000,12335000,2263000,30978000,New York,Private,No,No
248,"SUNY, Downstate Health Sciences U.",247,25081000,31000,3816000,177000,1475000,338000,30918000,New York,Public,No,No
249,U. South Dakota,248,13702000,1919000,14176000,32000,493000,0,30322000,South Dakota,Public,No,No
250,Rowan U.,249,18613000,4720000,4546000,1177000,893000,0,29949000,New Jersey,Public,No,No
251,Illinois Institute of Technology,250,25963000,2000,1759000,948000,371000,748000,29791000,Illinois,Private,No,No
252,"Louisiana State U., Health Sciences Center, Shreveport",251,15503000,21000,8434000,1045000,4499000,0,29502000,Louisiana,Public (State of Louisiana Board of Regents),No,No
253,Morgan State U.,252,24670000,2835000,707000,601000,344000,325000,29482000,Maryland,Public,Yes,No
254,Delaware State U.,253,24361000,598000,3457000,150000,440000,10000,29016000,Delaware,Public,Yes,No
255,Miami U.,254,10277000,1997000,13843000,1375000,969000,338000,28799000,Ohio,Public,No,No
256,Embry-Riddle Aeronautical U.,255,23863000,358000,1425000,1002000,225000,1777000,28650000,Florida,Private,No,No
257,Desert Research Institute,256,17341000,385000,4377000,960000,4381000,1034000,28478000,Nevada,Public (Nevada System of Higher Education),No,No
258,"Rutgers, State U. New Jersey, Newark",257,16099000,421000,8531000,167000,3041000,86000,28345000,New Jersey,Public,No,Yes
259,"U. Puerto Rico, Rio Piedras",258,16905000,60000,10458000,229000,376000,55000,28083000,Puerto Rico,Public (U. Puerto Rico),No,Yes
260,Western Michigan U. and Homer Stryker M.D. School of Medicine,259,12895000,1348000,9489000,2063000,473000,1500000,27768000,Michigan,Public,No,No
261,Creighton U.,260,12022000,3702000,8993000,1289000,320000,1283000,27609000,Nebraska,Private,No,No
262,Wright State U.,261,20529000,757000,5368000,407000,343000,36000,27440000,Ohio,Public,No,No
263,Northern Illinois U.,262,9840000,774000,14986000,634000,606000,228000,27068000,Illinois,Public,No,No
264,Louisiana Tech U.,263,5734000,2532000,15621000,713000,0,1991000,26591000,Louisiana,Public (State of Louisiana Board of Regents),No,No
265,Villanova U.,264,6476000,1404000,15309000,605000,2140000,21000,25955000,Pennsylvania,Private,No,No
266,Marshall U.,265,16369000,1909000,6479000,320000,615000,0,25692000,West Virginia,Public (West Virginia Higher Education Policy Commission),No,No
267,Illinois State U.,266,8673000,487000,14540000,54000,1752000,4000,25510000,Illinois,Public,No,No
268,"U. Nebraska, central administration",267,23872000,0,1498000,0,0,32000,25402000,Nebraska,Public,No,No
269,Central Michigan U.,268,9773000,1000,14061000,157000,794000,319000,25105000,Michigan,Public,No,No
270,"U. Nebraska, Omaha",269,17301000,2445000,4038000,44000,387000,44000,24259000,Nebraska,Public,No,No
271,"California State U., Sacramento",270,6646000,10203000,5694000,115000,511000,626000,23795000,California,Public,No,Yes
272,Texas A&M U.-Kingsville,271,8225000,6241000,2812000,389000,5647000,137000,23451000,Texas,Public,No,Yes
273,East Tennessee State U.,272,9715000,315000,9214000,35000,3881000,260000,23420000,Tennessee,Public,No,No
274,"U. Minnesota, Duluth",273,6122000,5928000,10794000,382000,105000,31000,23362000,Minnesota,Public,No,No
275,Middle Tennessee State U.,274,4347000,509000,16715000,261000,799000,0,22631000,Tennessee,Public,No,No
276,Albany Medical C.,275,13384000,0,3132000,3606000,689000,1486000,22297000,New York,Private,No,No
277,Eastern Virginia Medical School,276,17616000,1186000,2603000,148000,612000,0,22165000,Virginia,Public,No,No
278,Tuskegee U.,277,14911000,3206000,1128000,0,0,2696000,21941000,Alabama,Private,Yes,No
279,U. New Orleans,278,8270000,788000,10393000,483000,1067000,910000,21911000,Louisiana,Public (State of Louisiana Board of Regents),No,No
280,Kennesaw State U.,279,3290000,529000,17003000,205000,543000,135000,21705000,Georgia,Public (U. System Georgia Board of Regents),No,No
281,Clarkson U.,280,8834000,2713000,8116000,1363000,508000,169000,21703000,New York,Private,No,No
282,"CUNY, Queens C.",281,14756000,1362000,4717000,83000,439000,77000,21434000,New York,Public,No,Yes
283,"U. Alaska, Anchorage",282,15249000,1227000,3392000,282000,493000,381000,21024000,Alaska,Public (U. Alaska System),No,No
284,U.S. Military Academy,283,19708000,0,95000,482000,280000,276000,20841000,New York,Public,No,No
285,U. Guam,284,17066000,1682000,1339000,375000,19000,0,20481000,Guam,Public,No,No
286,Fordham U.,285,4856000,0,13005000,27000,1523000,1021000,20432000,New York,Private,No,No
287,Prairie View A&M U.,286,11665000,4037000,3898000,327000,502000,0,20429000,Texas,Public,Yes,No
288,U. of the Virgin Islands,287,19127000,1010000,0,48000,74000,0,20259000,Virgin Islands,Public,Yes,No
289,South Dakota School of Mines and Technology,288,15100000,1467000,2488000,741000,55000,210000,20061000,South Dakota,Public,No,No
290,Tarleton State U.,289,5055000,3927000,10533000,257000,284000,0,20056000,Texas,Public,No,No
291,"U. North Carolina, Wilmington",290,7178000,6644000,3338000,1166000,1638000,89000,20053000,North Carolina,Public (U. North Carolina),No,No
292,U. Akron,291,11036000,160000,5608000,2102000,893000,144000,19943000,Ohio,Public,No,No
293,"California State U., Northridge",292,15546000,984000,1207000,181000,1703000,17000,19638000,California,Public,No,Yes
294,Bowling Green State U.,293,7918000,1649000,8895000,122000,758000,0,19342000,Ohio,Public,No,No
295,New School,294,1261000,298000,3023000,2000,11860000,2774000,19218000,New York,Private,No,No
296,"Southern Illinois U., Edwardsville",295,3250000,556000,14766000,577000,3000,0,19152000,Illinois,Public,No,No
297,"California State U., East Bay",296,8997000,693000,8232000,2000,1036000,75000,19035000,California,Public,No,Yes
298,U. North Florida,297,7758000,746000,8817000,107000,232000,734000,18394000,Florida,Public (State U. Florida Board of Governors),No,No
299,Texas Christian U.,298,5670000,302000,9201000,2028000,1096000,56000,18353000,Texas,Private,No,No
300,"U. Puerto Rico, Mayaguez",299,16223000,455000,314000,1049000,233000,0,18274000,Puerto Rico,Public (U. Puerto Rico),No,Yes
301,U. Colorado Denver,300,12668000,2422000,1063000,453000,1160000,314000,18080000,Colorado,Public,No,No
302,Tennessee State U.,301,10859000,567000,6466000,4000,116000,0,18012000,Tennessee,Public,Yes,No
303,Meharry Medical C.,302,15048000,0,648000,25000,2239000,0,17960000,Tennessee,Private,Yes,No
304,"California State U., Long Beach",303,11739000,572000,2980000,534000,837000,1145000,17807000,California,Public,No,Yes
305,Florida Institute of Technology,304,10970000,1170000,4740000,465000,361000,0,17706000,Florida,Private,No,No
306,Jackson State U.,305,15045000,0,1427000,93000,916000,0,17481000,Mississippi,Public (Mississippi State Institutions of Higher Learning),Yes,No
307,U. Tulsa,306,5893000,320000,4023000,6130000,967000,83000,17416000,Oklahoma,Private,No,No
308,Long Island U.,307,2652000,0,13962000,184000,334000,51000,17183000,New York,Private,No,No
309,James Madison U.,308,2884000,798000,12602000,218000,518000,1000,17021000,Virginia,Public,No,No
310,Alcorn State U.,309,9361000,4977000,2349000,7000,32000,0,16726000,Mississippi,Public (Mississippi State Institutions of Higher Learning),Yes,No
311,"California State U., Fullerton",310,6136000,305000,9664000,95000,442000,0,16642000,California,Public,No,Yes
312,Idaho State U.,311,9080000,2223000,4292000,547000,249000,224000,16615000,Idaho,Public,No,No
313,North Carolina Central U.,312,13709000,954000,0,434000,776000,727000,16600000,North Carolina,Public (U. North Carolina),Yes,No
314,"CUNY, Advanced Science Research Center",313,12580000,365000,2226000,324000,888000,124000,16507000,New York,Public,No,No
315,New York Medical C.,314,9070000,985000,813000,2947000,1980000,666000,16461000,New York,Private,No,No
316,"CUNY, Graduate School of Public Health and Health Policy",315,11880000,318000,2189000,658000,1340000,38000,16423000,New York,Public,No,No
317,Tennessee Technological U.,316,8156000,4256000,3464000,117000,146000,259000,16398000,Tennessee,Public,No,No
318,"CUNY, John Jay C. of Criminal Justice",317,5777000,3516000,3492000,144000,2171000,1133000,16233000,New York,Public,No,Yes
319,"California State Polytechnic U., Humboldt",318,2421000,4248000,4784000,110000,2209000,1840000,15612000,California,Public,No,Yes
320,Loma Linda U.,319,9134000,630000,3012000,1358000,942000,441000,15517000,California,Private,No,Yes
321,Western Washington U.,320,6347000,1063000,5954000,68000,1614000,35000,15081000,Washington,Public,No,No
322,Charles R. Drew U. of Medicine and Science,321,10656000,220000,3098000,0,607000,0,14581000,California,Private,No,Yes
323,"Texas Tech U., Health Sciences Center, El Paso",322,2339000,2856000,8097000,475000,438000,1000,14206000,Texas,Public,No,Yes
324,Montana Technological U.,323,5600000,6085000,2221000,282000,0,0,14188000,Montana,Public (Montana U. System),No,No
325,Xavier U. Louisiana,324,11733000,585000,1452000,0,386000,0,14156000,Louisiana,Private,Yes,No
326,Duquesne U.,325,6309000,928000,4043000,217000,2447000,0,13944000,Pennsylvania,Private,No,No
327,Northeast Ohio Medical U.,326,9400000,47000,3197000,0,821000,0,13465000,Ohio,Public,No,No
328,"U. Missouri, Saint Louis",327,4573000,61000,5106000,81000,2934000,492000,13247000,Missouri,Public (Missouri Department of Higher Education),No,No
329,Rosalind Franklin U. of Medicine and Science,328,7292000,144000,4239000,593000,720000,0,12988000,Illinois,Private,No,No
330,"U. Tennessee, Chattanooga",329,5214000,1291000,5510000,106000,229000,458000,12808000,Tennessee,Public,No,No
331,Loyola Marymount U.,330,2824000,1334000,7360000,6000,1249000,0,12773000,California,Private,No,No
332,"U. Hawaii, system office",331,12511000,0,135000,0,0,0,0,,,,
333,"California State U., Fresno",332,5928000,1102000,3854000,356000,1258000,105000,12603000,California,Public,No,Yes
334,Virginia State U.,333,7115000,2006000,2544000,0,661000,0,12326000,Virginia,Public,Yes,No
335,Texas Southern U.,334,7550000,1150000,3362000,0,58000,0,12120000,Texas,Public,Yes,No
336,Sam Houston State U.,335,4936000,132000,6444000,1000,382000,114000,12009000,Texas,Public,No,Yes
337,"California State U., San Bernardino",336,6693000,2445000,2657000,3000,131000,0,11929000,California,Public,No,Yes
338,"Lincoln U., Jefferson City",337,8988000,2512000,0,0,0,0,11500000,Missouri,Public (Missouri Department of Higher Education),Yes,No
339,Hampton U.,338,11274000,0,188000,0,0,0,11462000,Virginia,Private,Yes,No
340,Missouri State U.,339,10084000,94000,754000,95000,135000,0,11162000,Missouri,Public (Missouri Department of Higher Education),No,No
341,Rhode Island C.,340,5372000,5301000,92000,0,362000,0,11127000,Rhode Island,Public,No,No
342,Midwestern U.,341,1609000,160000,8714000,290000,296000,0,11069000,Illinois,Private,No,No
343,U. of the District of Columbia,342,9859000,920000,0,0,0,0,10779000,District of Columbia,Public,Yes,No
344,U.S. Naval Academy,343,10147000,0,0,0,251000,266000,10664000,Maryland,Public,No,No
345,Salisbury U.,344,3734000,3405000,3415000,0,50000,10000,10614000,Maryland,Public,No,No
346,"U. North Texas, Health Science Center",345,3172000,0,6615000,502000,14000,136000,10439000,Texas,Public,No,No
347,Winston-Salem State U.,346,8903000,283000,0,0,785000,465000,10436000,North Carolina,Public (U. North Carolina),Yes,No
348,Central State U.,347,5576000,3039000,1659000,0,0,0,10274000,Ohio,Public,Yes,No
349,U. San Diego,348,2911000,510000,5842000,0,576000,304000,10143000,California,Private,No,No
350,Wesleyan U.,349,5267000,0,3652000,93000,1052000,37000,10101000,Connecticut,Private,No,No
351,Fort Valley State U.,350,7265000,2704000,0,0,0,0,9969000,Georgia,Public (U. System Georgia Board of Regents),Yes,No
352,Ball State U.,351,5302000,257000,3754000,247000,372000,0,9932000,Indiana,Public,No,No
353,Florida Gulf Coast U.,352,6482000,1823000,214000,110000,1211000,56000,9896000,Florida,Public (State U. Florida Board of Governors),No,No
354,"California State U., Los Angeles",353,8605000,130000,943000,0,161000,0,9839000,California,Public,No,Yes
355,Alabama A&M U.,354,9221000,4000,0,386000,0,0,9611000,Alabama,Public,Yes,No
356,West Texas A&M U.,355,2123000,4302000,1972000,966000,29000,46000,9438000,Texas,Public,No,Yes
357,Kentucky State U.,356,4743000,4357000,0,83000,101000,0,9284000,Kentucky,Public (Kentucky Council on Postsecondary Education),Yes,No
358,"U. Maryland, Eastern Shore",357,9062000,192000,20000,0,0,0,9274000,Maryland,Public,Yes,No
359,"California State U., San Marcos",358,7986000,980000,265000,0,7000,0,9238000,California,Public,No,Yes
360,Bryn Mawr C.,359,1257000,0,7692000,0,174000,0,9123000,Pennsylvania,Private,No,No
361,Saint Joseph's U.,360,2520000,1205000,2609000,2252000,455000,0,9041000,Pennsylvania,Private,No,No
362,Western U. of Health Sciences,361,7131000,600000,224000,351000,704000,19000,9029000,California,Private,No,No
363,"California State U., Monterey Bay",362,5051000,1404000,2300000,50000,164000,6000,8975000,California,Public,No,Yes
364,Clark U.,363,2500000,77000,4552000,0,1577000,107000,8813000,Massachusetts,Private,No,No
365,Clark Atlanta U.,364,5895000,0,2647000,198000,51000,0,8791000,Georgia,Private,Yes,No
366,Towson U.,365,2844000,177000,5513000,30000,217000,7000,8788000,Maryland,Public,No,No
367,Claremont Graduate U.,366,1610000,342000,1113000,3384000,1381000,552000,8382000,California,Private,No,No
368,"Oklahoma State U., Center for Health Sciences",367,3366000,35000,4897000,53000,17000,0,8368000,Oklahoma,Public (Oklahoma State System of Higher Education),No,No
369,DePaul U.,368,3757000,169000,2195000,260000,1948000,33000,8362000,Illinois,Private,No,No
370,"Arkansas State U., Jonesboro",369,3932000,3325000,658000,271000,28000,0,8214000,Arkansas,Public,No,No
371,"U. Washington, Bothell",370,4009000,259000,786000,85000,3007000,51000,8197000,Washington,Public,No,No
372,"U. Michigan, Dearborn",371,2537000,9000,3259000,2070000,223000,82000,8180000,Michigan,Public,No,No
373,Eastern Michigan U.,372,2346000,50000,5324000,57000,248000,0,8025000,Michigan,Public,No,No
374,"U. Hawaii, Hilo",373,5292000,66000,1533000,131000,931000,48000,8001000,Hawaii,Public (U. Hawaii System),No,No
375,"U. Oklahoma, Tulsa",374,1804000,1709000,2892000,104000,1120000,316000,7945000,Oklahoma,Public (Oklahoma State System of Higher Education),No,No
376,"California State Polytechnic U., Pomona",375,5407000,846000,1441000,204000,11000,0,7909000,California,Public,No,Yes
377,U. Colorado Colorado Springs,376,5345000,752000,939000,595000,130000,0,7761000,Colorado,Public,No,No
378,Western Kentucky U.,377,3127000,531000,3961000,55000,46000,0,7720000,Kentucky,Public (Kentucky Council on Postsecondary Education),No,No
379,William Paterson U.,378,1896000,0,5401000,121000,131000,25000,7574000,New Jersey,Public,No,Yes
380,"U. Arkansas, Little Rock",379,6675000,220000,80000,170000,157000,228000,7530000,Arkansas,Public,No,No
381,"U. Arkansas, Pine Bluff",380,3306000,1449000,2737000,0,14000,0,7506000,Arkansas,Public,Yes,No
382,Yeshiva U.,381,1695000,0,4765000,0,349000,465000,7274000,New York,Private,No,No
383,Appalachian State U.,382,2567000,103000,3129000,617000,771000,2000,7189000,North Carolina,Public (U. North Carolina),No,No
384,Amherst C.,383,2862000,0,2130000,0,127000,2058000,7177000,Massachusetts,Private,No,No
385,Edward Via C. of Osteopathic Medicine,384,482000,58000,6520000,8000,53000,0,7121000,Virginia,Private,No,No
386,U. Central Oklahoma,385,1869000,747000,4365000,85000,3000,1000,7070000,Oklahoma,Public (Oklahoma State System of Higher Education),No,No
387,"Southern U. and A&M C., Agricultural Research and Extension Center",386,4261000,2765000,22000,0,0,0,7048000,Louisiana,Public (State of Louisiana Board of Regents),Yes,No
388,Hofstra U.,387,2118000,139000,4485000,0,197000,0,6939000,New York,Private,No,No
389,West Virginia State U.,388,4278000,1601000,815000,0,9000,0,6703000,West Virginia,Public (West Virginia Higher Education Policy Commission),Yes,No
390,Grand Valley State U.,389,1819000,378000,2986000,0,948000,564000,6695000,Michigan,Public,No,No
391,Philadelphia C. of Osteopathic Medicine,390,40000,57000,2675000,2300000,1595000,0,6667000,Pennsylvania,Private,No,No
392,U. New England,391,3660000,15000,2503000,126000,360000,0,6664000,Maine,Private,No,No
393,U. Baltimore,392,4853000,1445000,0,4000,259000,85000,6646000,Maryland,Public,No,No
394,Langston U.,393,3616000,0,2449000,416000,0,0,6481000,Oklahoma,Public (Oklahoma State System of Higher Education),Yes,No
395,"Rutgers, State U. New Jersey, Camden",394,3349000,60000,2003000,330000,724000,14000,6480000,New Jersey,Public,No,No
396,C. Charleston,395,4485000,383000,1032000,40000,465000,16000,6421000,South Carolina,Public,No,No
397,"Purdue U., Northwest",396,3171000,767000,1323000,477000,128000,521000,6387000,Indiana,Public,No,No
398,"Pennsylvania State U., Behrend",397,3262000,405000,1345000,848000,514000,10000,6384000,Pennsylvania,Public,No,No
399,Gallaudet U.,398,3287000,1000,2396000,0,128000,548000,6360000,District of Columbia,Private,No,No
400,Hope C.,399,3691000,0,1928000,0,625000,111000,6355000,Michigan,Private,No,No
401,Wellesley C.,400,2915000,552000,0,89000,2008000,762000,6326000,Massachusetts,Private,No,No
402,Indiana U. Pennsylvania,401,1797000,729000,3303000,0,469000,15000,6313000,Pennsylvania,Public,No,No
403,Abilene Christian U.,402,1032000,0,231000,4907000,140000,0,6310000,Texas,Private,No,No
404,Roseman U. of Health Sciences,403,30000,0,6158000,106000,2000,0,6296000,Nevada,Private,No,No
405,Southern Connecticut State U.,404,848000,103000,4722000,0,362000,251000,6286000,Connecticut,Public,No,No
406,"CUNY, Brooklyn C.",405,4623000,0,1418000,3000,160000,16000,6220000,New York,Public,No,No
407,High Tech High Graduate School of Ed.,406,0,0,0,0,6203000,0,6203000,California,Private,No,No
408,Pacific U.,407,2672000,498000,2670000,45000,243000,0,6128000,Oregon,Private,No,No
409,Texas Woman's U.,408,2091000,2386000,883000,135000,534000,0,6029000,Texas,Public,No,Yes
410,"U. North Carolina, Asheville",409,2600000,542000,543000,54000,2234000,0,5973000,North Carolina,Public (U. North Carolina),No,No
411,Reed C.,410,2139000,38000,3272000,0,342000,131000,5922000,Oregon,Private,No,No
412,West Chester U. Pennsylvania,411,854000,20000,4618000,32000,379000,0,5903000,Pennsylvania,Public,No,No
413,Claremont McKenna C.,412,1070000,56000,4377000,0,390000,0,5893000,California,Private,No,No
414,Grinnell C.,413,242000,0,5237000,15000,208000,165000,5867000,Iowa,Private,No,No
415,Smith C.,414,2403000,0,1740000,248000,1440000,0,5831000,Massachusetts,Private,No,No
416,MGH Institute of Health Professions,415,4628000,0,20000,0,1157000,0,5805000,Massachusetts,Private,No,No
417,Seton Hall U.,416,2092000,1737000,1176000,150000,586000,0,5741000,New Jersey,Private,No,No
418,Morehouse C.,417,5664000,0,0,0,0,0,5664000,Georgia,Private,Yes,No
419,Williams C.,418,1286000,0,1894000,0,156000,2321000,5657000,Massachusetts,Private,No,No
420,Northwest Indian C.,419,4298000,0,1334000,0,0,0,5632000,Washington,Public,No,No
421,New York Institute of Technology,420,2988000,167000,2180000,0,220000,0,5555000,New York,Private,No,No
422,Naval War C.,421,5529000,0,0,0,0,0,5529000,Rhode Island,Public,No,No
423,"CUNY, Graduate Center",422,2535000,154000,1080000,0,1208000,532000,5509000,New York,Public,No,Yes
424,Kean U.,423,715000,180000,4548000,15000,41000,0,5499000,New Jersey,Public,No,Yes
425,U. Southern Maine,424,2201000,2893000,237000,0,126000,41000,5498000,Maine,Public,No,No
426,U.S. Army War C.,425,5496000,0,0,0,0,0,5496000,Pennsylvania,Public,No,No
427,"U. Washington, Tacoma",426,4553000,432000,207000,0,138000,154000,5484000,Washington,Public,No,No
428,Des Moines U.,427,1589000,179000,3455000,0,84000,0,5307000,Iowa,Private,No,No
429,Lamar U.,428,1180000,3639000,220000,167000,98000,0,5304000,Texas,Public,No,No
430,Bucknell U.,429,2539000,0,1150000,369000,236000,965000,5259000,Pennsylvania,Private,No,No
431,U. Detroit Mercy,430,4663000,0,494000,16000,13000,0,5186000,Michigan,Private,No,No
432,Oregon Institute of Technology,431,340000,4431000,0,109000,206000,0,5086000,Oregon,Public,No,No
433,U. Central del Caribe,432,2807000,356000,1486000,0,0,404000,5053000,Puerto Rico,Private,No,Yes
434,Barnard C.,433,3758000,0,652000,39000,539000,0,4988000,New York,Private,No,No
435,Texas A&M U.-Commerce,434,1776000,222000,2783000,4000,153000,17000,4955000,Texas,Public,No,No
436,"Memorial Sloan Kettering Cancer Center, Louis V. Gerstner Jr. Graduate S. of Biomedical Sciences",435,858000,0,3799000,0,91000,206000,4954000,New York,Private,No,No
437,"California State U., Bakersfield",436,2665000,259000,1878000,0,13000,0,4815000,California,Public,No,Yes
438,Dakota State U.,437,3976000,236000,382000,84000,6000,0,4684000,South Dakota,Public,No,No
439,"CUNY, Lehman C.",438,3652000,10000,421000,177000,273000,123000,4656000,New York,Public,No,Yes
440,U. Wisconsin-Superior,439,3635000,135000,617000,152000,76000,0,4615000,Wisconsin,Public (U. Wisconsin System),No,No
441,U. New Haven,440,2447000,504000,405000,352000,807000,33000,4548000,Connecticut,Private,No,No
442,"SUNY, C. of Optometry",441,2080000,0,708000,1642000,56000,11000,4497000,New York,Public,No,No
443,Haverford C.,442,2722000,0,852000,0,381000,532000,4487000,Pennsylvania,Private,No,No
444,Texas A&M International U.,443,1624000,917000,1093000,73000,751000,28000,4486000,Texas,Public,No,Yes
445,"Toyota Technological Institute, Chicago",444,2199000,0,1568000,431000,272000,0,4470000,Illinois,Private,No,No
446,Franklin and Marshall C.,445,1680000,266000,1555000,339000,333000,267000,4440000,Pennsylvania,Private,No,No
447,Citadel Military C. South Carolina,446,3741000,270000,336000,3000,20000,4000,4374000,South Carolina,Public,No,No
448,Carleton C.,447,1914000,18000,2055000,0,214000,157000,4358000,Minnesota,Private,No,No
449,"Southern U. and A&M C., Baton Rouge",448,3595000,80000,34000,635000,0,0,4344000,Louisiana,Public (State of Louisiana Board of Regents),Yes,No
450,Colgate U.,449,1570000,0,2625000,78000,66000,4000,4343000,New York,Private,No,No
451,Western Illinois U.,450,4032000,0,47000,160000,0,72000,4311000,Illinois,Public,No,No
452,U. of Health Sciences and Pharmacy in St. Louis,451,2523000,0,977000,635000,145000,0,4280000,Missouri,Private,No,No
453,South Carolina State U.,452,4270000,0,0,0,0,0,4270000,South Carolina,Public,Yes,No
454,"California State U., Dominguez Hills",453,3156000,23000,1001000,0,50000,0,4230000,California,Public,No,Yes
455,Santa Clara U.,454,2660000,299000,0,518000,748000,0,4225000,California,Private,No,No
456,Swarthmore C.,454,1733000,6000,2130000,0,356000,0,4225000,Pennsylvania,Private,No,No
457,"California State U., Chico",456,2312000,763000,422000,130000,44000,506000,4177000,California,Public,No,Yes
458,Youngstown State U.,457,3533000,260000,305000,42000,17000,0,4157000,Ohio,Public,No,No
459,Occidental C.,458,2622000,484000,0,480000,553000,0,4139000,California,Private,No,No
460,"U. Nebraska, Kearney",459,1900000,530000,1459000,48000,0,72000,4009000,Nebraska,Public,No,No
461,Fisk U.,460,3486000,93000,10000,0,411000,0,4000000,Tennessee,Private,Yes,No
462,National Defense U.,461,3920000,0,0,0,0,0,3920000,District of Columbia,Public,No,No
463,Northern Kentucky U.,462,2596000,2000,890000,22000,378000,0,3888000,Kentucky,Public (Kentucky Council on Postsecondary Education),No,No
464,Pepperdine U.,463,883000,19000,885000,0,1988000,0,3775000,California,Private,No,No
465,Sonoma State U.,464,2889000,406000,298000,40000,141000,0,3774000,California,Public,No,Yes
466,U. Wisconsin-Stevens Point,465,1235000,1074000,829000,1000,314000,287000,3740000,Wisconsin,Public (U. Wisconsin System),No,No
467,Coastal Carolina U.,466,1130000,948000,1580000,0,66000,0,3724000,South Carolina,Public,No,No
468,Chicago State U.,467,3699000,0,0,0,2000,0,3701000,Illinois,Public,No,No
469,U. Central Arkansas,468,1731000,623000,1186000,0,144000,0,3684000,Arkansas,Public,No,No
470,Trinity U.,469,1345000,5000,1117000,0,1149000,41000,3657000,Texas,Private,No,No
471,Colorado C.,470,1371000,258000,1090000,0,927000,0,3646000,Colorado,Private,No,No
472,Norfolk State U.,471,3398000,89000,0,0,106000,0,3593000,Virginia,Public,Yes,No
473,"St. John's U., New York",472,2456000,0,326000,195000,387000,228000,3592000,New York,Private,No,No
474,U. Texas of the Permian Basin,473,1538000,685000,756000,132000,466000,0,3577000,Texas,Public,No,Yes
475,"CUNY, C. Staten Island",474,2916000,93000,342000,1000,133000,60000,3545000,New York,Public,No,Yes
476,Milwaukee School of Engineering,474,969000,0,79000,2485000,12000,0,3545000,Wisconsin,Private,No,No
477,Pace U.,476,2534000,0,711000,0,279000,0,3524000,New York,Private,No,No
478,"U. North Carolina, general administration",477,369000,3153000,0,0,0,0,3522000,North Carolina,Public (U. North Carolina),No,No
479,U. Northern Iowa,478,2132000,465000,808000,0,81000,0,3486000,Iowa,Public (Iowa Board of Regents),No,No
480,Alfred U.,479,1008000,1659000,517000,264000,29000,0,3477000,New York,Private,No,No
481,C. New Jersey,480,1984000,186000,579000,0,715000,0,3464000,New Jersey,Public,No,No
482,Winthrop U.,481,2542000,196000,628000,13000,45000,0,3424000,South Carolina,Public,No,No
483,St. Edward's U.,482,1940000,101000,1150000,15000,160000,27000,3393000,Texas,Private,No,Yes
484,Azusa Pacific U.,483,282000,266000,2680000,0,161000,0,3389000,California,Private,No,Yes
485,"California State U., Channel Islands",484,1638000,746000,690000,267000,36000,0,3377000,California,Public,No,Yes
486,Murray State U.,485,2176000,23000,1060000,112000,0,0,3371000,Kentucky,Public (Kentucky Council on Postsecondary Education),No,No
487,Bowie State U.,486,3351000,0,0,0,0,0,3351000,Maryland,Public,Yes,No
488,Harvey Mudd C.,487,1956000,0,1020000,2000,138000,234000,3350000,California,Private,No,No
489,U. Northern Colorado,488,1692000,100000,1224000,143000,149000,0,3308000,Colorado,Public,No,No
490,Hawaii Pacific U.,489,2667000,48000,4000,315000,240000,28000,3302000,Hawaii,Private,No,No
491,Biola U.,490,0,2000,0,0,3088000,170000,3260000,California,Private,No,No
492,"U. Texas, Tyler",491,1585000,651000,821000,111000,64000,14000,3246000,Texas,Public,No,No
493,Hobart and William Smith Colleges,492,1264000,955000,557000,0,201000,251000,3228000,New York,Private,No,No
494,Fayetteville State U.,493,1667000,479000,898000,116000,46000,0,3206000,North Carolina,Public (U. North Carolina),Yes,No
495,Stephen F. Austin State U.,494,879000,1326000,511000,22000,267000,179000,3184000,Texas,Public,No,No
496,Alabama State U.,495,2930000,0,0,216000,1000,31000,3178000,Alabama,Public,Yes,No
497,Central Washington U.,496,2429000,266000,350000,55000,42000,34000,3176000,Washington,Public,No,No
498,Calvin U.,497,931000,12000,559000,24000,1376000,267000,3169000,Michigan,Private,No,No
499,"CUNY, Baruch C.",498,1894000,23000,640000,0,505000,94000,3156000,New York,Public,No,Yes
500,Austin Peay State U.,499,870000,1186000,984000,0,89000,20000,3149000,Tennessee,Public,No,No
501,"U. Louisiana, Monroe",500,1993000,748000,208000,41000,138000,0,3128000,Louisiana,Public (State of Louisiana Board of Regents),No,No
502,"Colorado State U., Pueblo",501,1278000,1721000,82000,0,27000,9000,3117000,Colorado,Public,No,Yes
503,Lawrence Technological U.,502,1109000,1037000,154000,192000,558000,0,3050000,Michigan,Private,No,No
504,U. Wisconsin-La Crosse,503,968000,694000,977000,227000,70000,6000,2942000,Wisconsin,Public (U. Wisconsin System),No,No
505,"Pennsylvania State U., Harrisburg",504,1911000,491000,251000,173000,101000,0,2927000,Pennsylvania,Public,No,No
506,"CUNY, system office",505,798000,1528000,223000,99000,252000,0,2900000,New York,Public,No,No
507,Pittsburg State U.,506,1167000,666000,0,1051000,0,0,2884000,Kansas,Public (Kansas Board of Regents),No,No
508,"U. Illinois, Springfield",507,1210000,646000,797000,0,228000,0,2881000,Illinois,Public,No,No
509,Morehead State U.,508,2086000,431000,15000,345000,3000,0,2880000,Kentucky,Public (Kentucky Council on Postsecondary Education),No,No
510,Saginaw Valley State U.,509,2341000,0,388000,5000,112000,16000,2862000,Michigan,Public,No,No
511,Framingham State U.,510,232000,0,0,95000,2503000,0,2830000,Massachusetts,Public,No,No
512,Davidson C.,511,1370000,4000,702000,31000,542000,139000,2788000,North Carolina,Private,No,No
513,Western Carolina U.,512,1727000,297000,519000,157000,83000,0,2783000,North Carolina,Public (U. North Carolina),No,No
514,Fort Lewis C.,513,2590000,48000,51000,0,76000,0,2765000,Colorado,Public,No,No
515,Christopher Newport U.,514,1701000,0,855000,48000,158000,0,2762000,Virginia,Public,No,No
516,U. Wisconsin-Green Bay,515,1046000,752000,843000,25000,47000,0,2713000,Wisconsin,Public (U. Wisconsin System),No,No
517,Spelman C.,516,2539000,0,0,147000,0,0,2686000,Georgia,Private,Yes,No
518,Johnson C. Smith U.,517,1868000,674000,0,12000,131000,0,2685000,North Carolina,Private,Yes,No
519,U. Richmond,518,1624000,0,529000,0,476000,41000,2670000,Virginia,Private,No,No
520,U. San Francisco,519,547000,265000,1123000,0,717000,5000,2657000,California,Private,No,No
521,Furman U.,520,1280000,22000,1069000,25000,169000,85000,2650000,South Carolina,Private,No,No
522,Bowdoin C.,521,1867000,46000,635000,0,91000,9000,2648000,Maine,Private,No,No
523,U. Virginia's C. Wise,522,786000,837000,965000,4000,36000,0,2628000,Virginia,Public,No,No
524,Middlebury C.,523,2281000,10000,49000,0,263000,0,2603000,Vermont,Private,No,No
525,"U. South Carolina, Aiken",524,857000,0,1729000,0,9000,0,2595000,South Carolina,Public,No,No
526,Pomona C.,525,1217000,12000,1238000,0,122000,0,2589000,California,Private,No,No
527,Vassar C.,526,1052000,21000,1106000,0,378000,23000,2580000,New York,Private,No,No
528,Lewis and Clark C.,527,746000,0,1522000,0,298000,0,2566000,Oregon,Private,No,No
529,"Touro U., California",528,964000,0,1354000,182000,0,61000,2561000,California,Private,No,No
530,Franklin W. Olin C. of Engineering,529,809000,0,698000,82000,882000,83000,2554000,Massachusetts,Private,No,No
531,Colby C.,530,1466000,0,573000,0,243000,248000,2530000,Maine,Private,No,No
532,Sul Ross State U.,531,623000,151000,143000,30000,941000,638000,2526000,Texas,Public,No,Yes
533,Troy U.,532,2296000,48000,135000,38000,0,0,2517000,Alabama,Public,No,No
534,U. of St. Thomas (MN),533,527000,407000,715000,327000,437000,63000,2476000,Minnesota,Private,No,No
535,Bates C.,534,1785000,0,281000,0,235000,167000,2468000,Maine,Private,No,No
536,Eastern Washington U.,535,855000,1332000,0,13000,149000,88000,2437000,Washington,Public,No,No
537,Southeastern Louisiana U.,536,1285000,266000,784000,61000,11000,0,2407000,Louisiana,Public (State of Louisiana Board of Regents),No,No
538,Tougaloo C.,537,2336000,0,0,0,0,0,2336000,Mississippi,Private,Yes,No
539,Pratt Institute,538,228000,995000,5000,0,1097000,0,2325000,New York,Private,No,No
540,Grambling State U.,539,809000,639000,858000,0,0,0,2306000,Louisiana,Public (State of Louisiana Board of Regents),Yes,No
541,Albany C. of Pharmacy and Health Sciences,540,1110000,0,769000,250000,147000,0,2276000,New York,Private,No,No
542,Dillard U.,541,1422000,0,848000,0,0,0,2270000,Louisiana,Private,Yes,No
543,La Sierra U.,542,972000,0,654000,0,620000,0,2246000,California,Private,No,Yes
544,St. Cloud State U.,543,401000,235000,690000,601000,299000,0,2226000,Minnesota,Public,No,No
545,Northeastern Illinois U.,544,2224000,0,0,0,0,0,2224000,Illinois,Public,No,Yes
546,"Minnesota State U., Mankato",545,575000,110000,1300000,0,18000,203000,2206000,Minnesota,Public,No,No
547,Willamette U.,546,791000,0,1344000,0,48000,0,2183000,Oregon,Private,No,No
548,"SUNY, Buffalo State",547,1299000,658000,189000,5000,1000,20000,2172000,New York,Public,No,No
549,Roger Williams U.,548,1351000,165000,445000,30000,165000,0,2156000,Rhode Island,Private,No,No
550,"Purdue U., Fort Wayne",549,313000,371000,814000,140000,186000,310000,2134000,Indiana,Public,No,No
551,Mount Holyoke C.,550,1511000,0,285000,0,316000,0,2112000,Massachusetts,Private,No,No
552,Dine C.,551,2091000,0,0,0,0,0,2091000,Arizona,Public,No,No
553,"SUNY, Geneseo",551,1564000,8000,502000,0,17000,0,2091000,New York,Public,No,No
554,Erikson Institute,553,815000,178000,125000,0,950000,0,2068000,Illinois,Private,No,No
555,U. of the Incarnate Word,554,1078000,0,886000,8000,92000,0,2064000,Texas,Private,No,Yes
556,Lafayette C.,555,1300000,0,605000,32000,110000,12000,2059000,Pennsylvania,Private,No,No
557,Lake Superior State U.,556,1184000,125000,569000,83000,0,95000,2056000,Michigan,Public,No,No
558,Western New England U.,557,648000,869000,314000,46000,175000,0,2052000,Massachusetts,Private,No,No
559,"Palmer C. of Chiropractic, Davenport",558,1550000,0,500000,0,0,0,2050000,Iowa,Private,No,No
560,U. Wisconsin-Oshkosh,559,1336000,72000,546000,36000,0,0,1990000,Wisconsin,Public (U. Wisconsin System),No,No
561,Black Hills State U.,560,1676000,119000,192000,0,0,0,1987000,South Dakota,Public,No,No
562,"California State U., Stanislaus",561,1056000,243000,176000,464000,27000,0,1966000,California,Public,No,Yes
563,"CUNY, New York City C. of Technology",562,1769000,16000,120000,20000,0,30000,1955000,New York,Public,No,Yes
564,Monmouth U.,563,535000,505000,93000,407000,397000,1000,1938000,New Jersey,Private,No,No
565,Elizabeth City State U.,564,1667000,206000,0,61000,0,0,1934000,North Carolina,Public (U. North Carolina),Yes,No
566,"CUNY, York C.",565,1659000,0,189000,0,64000,0,1912000,New York,Public,No,Yes
567,Utah Valley U.,566,1280000,490000,59000,0,66000,0,1895000,Utah,Public (Utah System of Higher Education),No,No
568,Seattle U.,567,1143000,52000,471000,3000,225000,0,1894000,Washington,Private,No,No
569,Northern Michigan U.,568,571000,90000,723000,0,291000,213000,1888000,Michigan,Public,No,No
570,Savannah State U.,568,1881000,7000,0,0,0,0,1888000,Georgia,Public (U. System Georgia Board of Regents),Yes,No
571,Hamilton C.,570,338000,0,1039000,0,410000,92000,1879000,New York,Private,No,No
572,Connecticut C.,571,620000,0,1252000,0,0,3000,1875000,Connecticut,Private,No,No
573,New England C. of Optometry,572,1609000,52000,108000,88000,11000,0,1868000,Massachusetts,Private,No,No
574,Northwestern State U. Louisiana,573,742000,838000,268000,0,0,0,1848000,Louisiana,Public (State of Louisiana Board of Regents),No,No
575,U. of the Pacific,574,1351000,413000,0,18000,53000,0,1835000,California,Private,No,No
576,Babson C.,575,45000,0,650000,140000,281000,709000,1825000,Massachusetts,Private,No,No
577,U. Houston-Clear Lake,576,841000,408000,91000,399000,61000,0,1800000,Texas,Public,No,Yes
578,Elon U.,577,428000,0,1303000,0,47000,19000,1797000,North Carolina,Private,No,No
579,Virginia Military Institute,578,1137000,221000,378000,0,10000,0,1746000,Virginia,Public,No,No
580,Eastern Connecticut State U.,579,126000,3000,1605000,0,0,0,1734000,Connecticut,Public,No,No
581,Skidmore C.,579,861000,0,337000,0,536000,0,1734000,New York,Private,No,No
582,U. North Georgia,579,734000,138000,690000,13000,159000,0,1734000,Georgia,Public (U. System Georgia Board of Regents),No,No
583,Florida Polytechnic U.,582,706000,144000,588000,225000,62000,0,1725000,Florida,Public (State U. Florida Board of Governors),No,No
584,C. Wooster,583,737000,0,797000,0,183000,0,1717000,Ohio,Private,No,No
585,Butler U.,584,1227000,0,216000,113000,135000,0,1691000,Indiana,Private,No,No
586,Drake U.,584,1211000,89000,150000,177000,64000,0,1691000,Iowa,Private,No,No
587,Macalester C.,584,943000,51000,459000,0,238000,0,1691000,Minnesota,Private,No,No
588,Stockton U.,587,728000,180000,720000,3000,26000,0,1657000,New Jersey,Public,No,No
589,Manhattan C.,588,440000,316000,367000,518000,0,0,1641000,New York,Private,No,Yes
590,U. Wisconsin-Eau Claire,589,681000,396000,278000,243000,24000,6000,1628000,Wisconsin,Public (U. Wisconsin System),No,No
591,"Trinity C., Hartford",590,1049000,0,533000,4000,34000,0,1620000,Connecticut,Private,No,No
592,Alaska Pacific U.,591,581000,0,0,1015000,0,11000,1607000,Alaska,Private,No,No
593,"U. Alaska, Southeast",592,1392000,28000,43000,24000,64000,19000,1570000,Alaska,Public (U. Alaska System),No,No
594,Marshall B. Ketchum U.,593,383000,0,779000,397000,0,0,1559000,California,Private,No,No
595,"SUNY, C. Brockport",594,751000,166000,435000,23000,43000,82000,1500000,New York,Public,No,No
596,U. Houston-Downtown,595,903000,57000,238000,0,287000,0,1485000,Texas,Public,No,Yes
597,"Union C., Schenectady",596,750000,0,596000,2000,107000,24000,1479000,New York,Private,No,No
598,"U. Puerto Rico, Humacao",597,1160000,0,288000,0,0,0,1448000,Puerto Rico,Public (U. Puerto Rico),No,Yes
599,"U. Ana G. Mendez, Gurabo",598,1407000,0,12000,0,0,0,1419000,Puerto Rico,Private,No,Yes
600,East Stroudsburg U. Pennsylvania,599,598000,44000,149000,0,619000,0,1410000,Pennsylvania,Public,No,No
601,Suffolk U.,600,340000,0,996000,0,65000,0,1401000,Massachusetts,Private,No,No
602,"U. Puerto Rico, Cayey",601,757000,0,430000,0,203000,0,1390000,Puerto Rico,Public (U. Puerto Rico),No,Yes
603,Indiana State U.,602,894000,128000,210000,84000,26000,12000,1354000,Indiana,Public,No,No
604,U. Wisconsin-Platteville,603,435000,340000,224000,305000,35000,10000,1349000,Wisconsin,Public (U. Wisconsin System),No,No
605,New Mexico Highlands U.,604,1288000,0,0,0,43000,0,1331000,New Mexico,Public (New Mexico Higher Education Department),No,Yes
606,Kenyon C.,605,1021000,0,162000,0,123000,24000,1330000,Ohio,Private,No,No
607,West Virginia School of Osteopathic Medicine,606,468000,11000,850000,0,0,0,1329000,West Virginia,Public (West Virginia Higher Education Policy Commission),No,No
608,Albion C.,607,323000,0,977000,0,0,0,1300000,Michigan,Private,No,No
609,Marymount U.,608,178000,31000,965000,66000,58000,0,1298000,Virginia,Private,No,Yes
610,Saint John's U.,608,0,0,1298000,0,0,0,1298000,Minnesota,Private,No,No
611,Keck Graduate Institute,610,643000,0,153000,165000,321000,0,1282000,California,Private,No,No
612,Whitman C.,611,434000,25000,617000,0,194000,0,1270000,Washington,Private,No,No
613,Northland C.,612,778000,35000,192000,0,260000,0,1265000,Wisconsin,Private,No,No
614,Texas A&M U.-San Antonio,613,394000,119000,570000,22000,60000,77000,1242000,Texas,Public,No,Yes
615,U. of Mary Washington,614,501000,54000,601000,6000,39000,28000,1229000,Virginia,Public,No,No
616,C. of Saint Benedict,615,51000,0,1177000,0,0,0,1228000,Minnesota,Private,No,No
617,"SUNY, Cobleskill",616,379000,828000,0,4000,0,0,1211000,New York,Public,No,No
618,"SUNY, Oswego",617,544000,36000,549000,0,74000,6000,1209000,New York,Public,No,No
619,Nevada State C.,618,1167000,0,22000,0,2000,0,1191000,Nevada,Public (Nevada System of Higher Education),No,Yes
620,Heidelberg U.,619,262000,661000,246000,0,15000,0,1184000,Ohio,Private,No,No
621,Claflin U.,620,1179000,0,0,0,0,0,1179000,South Carolina,Private,Yes,No
622,Bentley U.,621,509000,0,0,0,652000,0,1161000,Massachusetts,Private,No,No
623,Canisius C.,622,454000,0,0,0,706000,0,1160000,New York,Private,No,No
624,U. Hartford,623,886000,17000,117000,6000,64000,0,1090000,Connecticut,Private,No,No
625,U. Puget Sound,624,780000,0,174000,0,97000,0,1051000,Washington,Private,No,No
626,"SUNY, C. Plattsburgh",625,584000,46000,334000,0,57000,22000,1043000,New York,Public,No,No
627,Central Connecticut State U.,626,511000,58000,459000,0,4000,3000,1035000,Connecticut,Public,No,No
628,Ithaca C.,627,703000,46000,149000,0,23000,79000,1000000,New York,Private,No,No
629,Robert Morris U.,627,577000,13000,235000,67000,81000,27000,1000000,Pennsylvania,Private,No,No
630,St. Catherine U.,629,300000,0,83000,30000,364000,156000,933000,Minnesota,Private,No,No
631,Kettering U.,630,213000,34000,294000,214000,57000,4000,816000,Michigan,Private,No,No
632,Augustana U.,631,724000,0,0,0,0,0,724000,South Dakota,Private,No,No
633,Plymouth State U.,632,571000,0,84000,0,0,14000,669000,New Hampshire,Public (U. System of New Hampshire),No,No
634,Mercyhurst U.,633,82000,387000,59000,108000,6000,19000,661000,Pennsylvania,Private,No,No
635,California Lutheran U.,634,298000,0,116000,178000,35000,0,627000,California,Private,No,Yes
636,"California State U., Maritime Academy",635,192000,105000,10000,219000,0,0,526000,California,Public,No,No
637,Sonoran U. Health Sciences,636,0,0,20000,500000,0,0,520000,Arizona,Private,No,No
638,U. Charleston,637,217000,0,0,0,0,0,217000,West Virginia,Private,No,No
639,"Auburn U., Montgomery",,0,0,0,0,0,0,698000,Alabama,Public,No,No
640,Jacksonville State U.,,0,0,0,0,0,0,197000,Alabama,Public,No,No
641,U. North Alabama,,0,0,0,0,0,0,650000,Alabama,Public,No,No
642,U. West Alabama,,0,0,0,0,0,0,604000,Alabama,Public,No,No
643,"Alabama C., Osteopathic Medicine",,0,0,0,0,0,0,236000,Alabama,Private,No,No
644,Oakwood U.,,0,0,0,0,0,0,340000,Alabama,Private,No,No
645,Arizona Board of Regents,,0,0,0,0,0,0,1688293000,Arizona,Public,No,No
646,Arkansas Tech U.,,0,0,0,0,0,0,921000,Arkansas,Public,No,No
647,Southern Arkansas U.,,0,0,0,0,0,0,281000,Arkansas,Public,No,No
648,Arkansas C. of Health Education,,0,0,0,0,0,0,301000,Arkansas,Private,No,No
649,Hendrix C.,,0,0,0,0,0,0,709000,Arkansas,Private,No,No
650,Ouachita Baptist U.,,0,0,0,0,0,0,309000,Arkansas,Private,No,No
651,Dominican U. California,,0,0,0,0,0,0,901000,California,Private,No,No
652,Life Chiropractic C.-West,,0,0,0,0,0,0,350000,California,Private,No,No
653,Mills C.,,0,0,0,0,0,0,439000,California,Private,No,No
654,Palo Alto U.,,0,0,0,0,0,0,426000,California,Private,No,No
655,Point Loma Nazarene U.,,0,0,0,0,0,0,565000,California,Private,No,No
656,Southern California U. of Health Sciences,,0,0,0,0,0,0,246000,California,Private,No,No
657,The Claremont Colleges,,0,0,0,0,0,0,21783000,California,Private,No,No
658,Pitzer C.,,0,0,0,0,0,0,287000,California,Private,No,No
659,Westmont C.,,0,0,0,0,0,0,340000,California,Private,No,No
660,Whittier C.,,0,0,0,0,0,0,346000,California,Private,No,No
661,Colorado Mesa U.,,0,0,0,0,0,0,802000,Colorado,Public,No,No
662,Metropolitan State U. of Denver,,0,0,0,0,0,0,666000,Colorado,Public,No,No
663,Western Colorado U.,,0,0,0,0,0,0,826000,Colorado,Public,No,No
664,Regis U.,,0,0,0,0,0,0,744000,Colorado,Private,No,No
665,Western Connecticut State U.,,0,0,0,0,0,0,399000,Connecticut,Public,No,No
666,U.S. Coast Guard Academy,,0,0,0,0,0,0,1019000,Connecticut,Public,No,No
667,Fairfield U.,,0,0,0,0,0,0,1097000,Connecticut,Private,No,No
668,Hartford International U. for Religion and Peace,,0,0,0,0,0,0,1105000,Connecticut,Private,No,No
669,Quinnipiac U.,,0,0,0,0,0,0,1069000,Connecticut,Private,No,No
670,Sacred Heart U.,,0,0,0,0,0,0,3741000,Connecticut,Private,No,No
671,New C. Florida,,0,0,0,0,0,0,1252000,Florida,Public (State U. Florida Board of Governors),No,No
672,Barry U.,,0,0,0,0,0,0,367000,Florida,Private,No,No
673,Bethune-Cookman U.,,0,0,0,0,0,0,707000,Florida,Private,No,No
674,Eckerd C.,,0,0,0,0,0,0,596000,Florida,Private,No,No
675,Jacksonville U.,,0,0,0,0,0,0,162000,Florida,Private,No,No
676,Keiser U.,,0,0,0,0,0,0,485000,Florida,Private,No,No
677,Rollins C.,,0,0,0,0,0,0,532000,Florida,Private,No,No
678,Stetson U.,,0,0,0,0,0,0,580000,Florida,Private,No,No
679,U. Tampa,,0,0,0,0,0,0,886000,Florida,Private,No,No
680,Albany State U.,,0,0,0,0,0,0,1059000,Georgia,Public (U. System Georgia Board of Regents),No,No
681,Clayton State U.,,0,0,0,0,0,0,600000,Georgia,Public (U. System Georgia Board of Regents),No,No
682,Columbus State U.,,0,0,0,0,0,0,271000,Georgia,Public (U. System Georgia Board of Regents),No,No
683,Georgia C. and State U.,,0,0,0,0,0,0,216000,Georgia,Public (U. System Georgia Board of Regents),No,No
684,Georgia Gwinnett C.,,0,0,0,0,0,0,367000,Georgia,Public (U. System Georgia Board of Regents),No,No
685,U. West Georgia,,0,0,0,0,0,0,309000,Georgia,Public (U. System Georgia Board of Regents),No,No
686,Valdosta State U.,,0,0,0,0,0,0,262000,Georgia,Public (U. System Georgia Board of Regents),No,No
687,Agnes Scott C.,,0,0,0,0,0,0,433000,Georgia,Private,No,No
688,Berry C.,,0,0,0,0,0,0,541000,Georgia,Private,No,No
689,Life U.,,0,0,0,0,0,0,419000,Georgia,Private,No,No
690,"U. Hawaii, Maui C.",,0,0,0,0,0,0,12646000,Hawaii,Public (U. Hawaii System),No,No
691,Lewis-Clark State C.,,0,0,0,0,0,0,582000,Idaho,Public,No,No
692,Northwest Nazarene U.,,0,0,0,0,0,0,509000,Idaho,Private,No,No
693,Eastern Illinois U.,,0,0,0,0,0,0,553000,Illinois,Public,No,No
694,Augustana C.,,0,0,0,0,0,0,353000,Illinois,Private,No,No
695,Benedictine U.,,0,0,0,0,0,0,150000,Illinois,Private,No,No
696,Bradley U.,,0,0,0,0,0,0,240000,Illinois,Private,No,No
697,Elmhurst U.,,0,0,0,0,0,0,676000,Illinois,Private,No,No
698,Illinois C. of Optometry,,0,0,0,0,0,0,831000,Illinois,Private,No,No
699,Lake Forest C.,,0,0,0,0,0,0,493000,Illinois,Private,No,No
700,"Wheaton C., Wheaton",,0,0,0,0,0,0,1784000,Illinois,Private,No,No
701,Indiana U.,,0,0,0,0,0,0,818054000,Indiana,Public,No,No
702,"Indiana U., Kokomo",,0,0,0,0,0,0,490000,Indiana,Public,No,No
703,"Indiana U., Northwest",,0,0,0,0,0,0,495000,Indiana,Public,No,No
704,"Indiana U., South Bend",,0,0,0,0,0,0,1075000,Indiana,Public,No,No
705,"Indiana U., Southeast",,0,0,0,0,0,0,523000,Indiana,Public,No,No
706,Purdue U.,,0,0,0,0,0,0,763148000,Indiana,Public,No,No
707,DePauw U.,,0,0,0,0,0,0,175000,Indiana,Private,No,No
708,Earlham C.,,0,0,0,0,0,0,405000,Indiana,Private,No,No
709,Indiana Wesleyan U.,,0,0,0,0,0,0,722000,Indiana,Private,No,No
710,Manchester U.,,0,0,0,0,0,0,303000,Indiana,Private,No,No
711,Taylor U.,,0,0,0,0,0,0,204000,Indiana,Private,No,No
712,U. Evansville,,0,0,0,0,0,0,285000,Indiana,Private,No,No
713,Valparaiso U.,,0,0,0,0,0,0,688000,Indiana,Private,No,No
714,Wabash C.,,0,0,0,0,0,0,465000,Indiana,Private,No,No
715,Coe C.,,0,0,0,0,0,0,614000,Iowa,Private,No,No
716,Cornell C.,,0,0,0,0,0,0,409000,Iowa,Private,No,No
717,Dordt U.,,0,0,0,0,0,0,679000,Iowa,Private,No,No
718,Loras C.,,0,0,0,0,0,0,150000,Iowa,Private,No,No
719,Luther C.,,0,0,0,0,0,0,212000,Iowa,Private,No,No
720,Palmer C. of Chiropractic,,0,0,0,0,0,0,2050000,Iowa,Private,No,No
721,Emporia State U.,,0,0,0,0,0,0,510000,Kansas,Public (Kansas Board of Regents),No,No
722,Fort Hays State U.,,0,0,0,0,0,0,641000,Kansas,Public (Kansas Board of Regents),No,No
723,Eastern Kentucky U.,,0,0,0,0,0,0,1089000,Kentucky,Public (Kentucky Council on Postsecondary Education),No,No
724,Centre C.,,0,0,0,0,0,0,314000,Kentucky,Private,No,No
725,"Louisiana State U., Shreveport",,0,0,0,0,0,0,723000,Louisiana,Public (State of Louisiana Board of Regents),No,No
726,"Southern U., New Orleans",,0,0,0,0,0,0,1317000,Louisiana,Public (State of Louisiana Board of Regents),No,No
727,McNeese State U.,,0,0,0,0,0,0,432000,Louisiana,Public (State of Louisiana Board of Regents),No,No
728,Nicholls State U.,,0,0,0,0,0,0,687000,Louisiana,Public (State of Louisiana Board of Regents),No,No
729,"Loyola U., New Orleans",,0,0,0,0,0,0,911000,Louisiana,Private,No,No
730,Maine Maritime Academy,,0,0,0,0,0,0,198000,Maine,Public,No,No
731,U. Maine Farmington,,0,0,0,0,0,0,1174000,Maine,Public,No,No
732,"U. Maine, Presque Isle",,0,0,0,0,0,0,161000,Maine,Public,No,No
733,St. Mary's C. Maryland,,0,0,0,0,0,0,1063000,Maryland,Public,No,No
734,Coppin State U.,,0,0,0,0,0,0,398000,Maryland,Public,No,No
735,"Loyola U., Maryland",,0,0,0,0,0,0,866000,Maryland,Private,No,No
736,Maryland Institute C. of Art,,0,0,0,0,0,0,407000,Maryland,Private,No,No
737,Bridgewater State U.,,0,0,0,0,0,0,954000,Massachusetts,Public,No,No
738,C. of the Holy Cross,,0,0,0,0,0,0,688000,Massachusetts,Private,No,No
739,Emerson C.,,0,0,0,0,0,0,581000,Massachusetts,Private,No,No
740,Hult International Business School,,0,0,0,0,0,0,1043000,Massachusetts,Private,No,No
741,MCPHS U.,,0,0,0,0,0,0,290000,Massachusetts,Private,No,No
742,Merrimack C.,,0,0,0,0,0,0,1010000,Massachusetts,Private,No,No
743,Simmons U.,,0,0,0,0,0,0,668000,Massachusetts,Private,No,No
744,Stonehill C.,,0,0,0,0,0,0,772000,Massachusetts,Private,No,No
745,Ferris State U.,,0,0,0,0,0,0,1929000,Michigan,Public,No,No
746,U. Michigan,,0,0,0,0,0,0,1779821000,Michigan,Public,No,No
747,"U. Michigan, Flint",,0,0,0,0,0,0,933000,Michigan,Public,No,No
748,Andrews U.,,0,0,0,0,0,0,1043000,Michigan,Private,No,No
749,Kalamazoo C.,,0,0,0,0,0,0,692000,Michigan,Private,No,No
750,Metropolitan State U.,,0,0,0,0,0,0,176000,Minnesota,Public,No,No
751,"Minnesota State U., Moorhead",,0,0,0,0,0,0,502000,Minnesota,Public,No,No
752,U. Minnesota,,0,0,0,0,0,0,1227035000,Minnesota,Public,No,No
753,"U. Minnesota, Morris",,0,0,0,0,0,0,805000,Minnesota,Public,No,No
754,"U. Minnesota, Rochester",,0,0,0,0,0,0,784000,Minnesota,Public,No,No
755,Augsburg U.,,0,0,0,0,0,0,815000,Minnesota,Private,No,No
756,"Concordia C., Moorhead",,0,0,0,0,0,0,291000,Minnesota,Private,No,No
757,Gustavus Adolphus C.,,0,0,0,0,0,0,1136000,Minnesota,Private,No,No
758,Hamline U.,,0,0,0,0,0,0,162000,Minnesota,Private,No,No
759,Saint Mary's U. Minnesota,,0,0,0,0,0,0,889000,Minnesota,Private,No,No
760,St. Olaf C.,,0,0,0,0,0,0,1532000,Minnesota,Private,No,No
761,Delta State U.,,0,0,0,0,0,0,673000,Mississippi,Public (Mississippi State Institutions of Higher Learning),No,No
762,Mississippi Valley State U.,,0,0,0,0,0,0,344000,Mississippi,Public (Mississippi State Institutions of Higher Learning),No,No
763,Northwest Missouri State U.,,0,0,0,0,0,0,231000,Missouri,Public (Missouri Department of Higher Education),No,No
764,Southeast Missouri State U.,,0,0,0,0,0,0,228000,Missouri,Public (Missouri Department of Higher Education),No,No
765,Truman State U.,,0,0,0,0,0,0,327000,Missouri,Public (Missouri Department of Higher Education),No,No
766,U. Central Missouri,,0,0,0,0,0,0,642000,Missouri,Public (Missouri Department of Higher Education),No,No
767,A. T. Still U. of Health Sciences,,0,0,0,0,0,0,517000,Missouri,Private,No,No
768,Graduate School of the Stowers Institute for Medical Research,,0,0,0,0,0,0,780000,Missouri,Private,No,No
769,Aaniiih Nakoda C.,,0,0,0,0,0,0,864000,Montana,Public (Montana U. System),No,No
770,Montana State U.,,0,0,0,0,0,0,201719000,Montana,Public (Montana U. System),No,No
771,"Montana State U., Billings",,0,0,0,0,0,0,685000,Montana,Public (Montana U. System),No,No
772,"Montana State U., Northern",,0,0,0,0,0,0,214000,Montana,Public (Montana U. System),No,No
773,Salish Kootenai C.,,0,0,0,0,0,0,782000,Montana,Public (Montana U. System),No,No
774,U. Montana,,0,0,0,0,0,0,139791000,Montana,Public (Montana U. System),No,No
775,Doane U.,,0,0,0,0,0,0,502000,Nebraska,Private,No,No
776,C. Southern Nevada,,0,0,0,0,0,0,303000,Nevada,Public (Nevada System of Higher Education),No,No
777,Truckee Meadows Community C.,,0,0,0,0,0,0,334000,Nevada,Public (Nevada System of Higher Education),No,No
778,Western Nevada C.,,0,0,0,0,0,0,171000,Nevada,Public (Nevada System of Higher Education),No,No
779,"Touro U., Nevada",,0,0,0,0,0,0,697000,Nevada,Private,No,No
780,Keene State C.,,0,0,0,0,0,0,770000,New Hampshire,Public (U. System of New Hampshire),No,No
781,Ramapo C. New Jersey,,0,0,0,0,0,0,365000,New Jersey,Public,No,No
782,"Rutgers, the State U. of New Jersey",,0,0,0,0,0,0,747056000,New Jersey,Public,No,No
783,Fairleigh Dickinson U.,,0,0,0,0,0,0,225000,New Jersey,Private,No,No
784,Rider U.,,0,0,0,0,0,0,353000,New Jersey,Private,No,No
785,"Eastern New Mexico U., Portales",,0,0,0,0,0,0,303000,New Mexico,Public (New Mexico Higher Education Department),No,No
786,Northern New Mexico C.,,0,0,0,0,0,0,239000,New Mexico,Public (New Mexico Higher Education Department),No,No
787,"CUNY, Medgar Evers C.",,0,0,0,0,0,0,595000,New York,Public,No,No
788,"SUNY, C. Cortland",,0,0,0,0,0,0,530000,New York,Public,No,No
789,"SUNY, C. Old Westbury",,0,0,0,0,0,0,428000,New York,Public,No,No
790,"SUNY, Farmingdale State C.",,0,0,0,0,0,0,611000,New York,Public,No,No
791,"SUNY, Maritime C.",,0,0,0,0,0,0,258000,New York,Public,No,No
792,"SUNY, New Paltz",,0,0,0,0,0,0,308000,New York,Public,No,No
793,"SUNY, Oneonta",,0,0,0,0,0,0,288000,New York,Public,No,No
794,"SUNY, Potsdam",,0,0,0,0,0,0,622000,New York,Public,No,No
795,Adelphi U.,,0,0,0,0,0,0,377000,New York,Private,No,No
796,Bard C.,,0,0,0,0,0,0,255000,New York,Private,No,No
797,Cooper Union,,0,0,0,0,0,0,501000,New York,Private,No,No
798,D'Youville C.,,0,0,0,0,0,0,178000,New York,Private,No,No
799,Iona C.,,0,0,0,0,0,0,650000,New York,Private,No,No
800,Niagara U.,,0,0,0,0,0,0,440000,New York,Private,No,No
801,Siena C.,,0,0,0,0,0,0,675000,New York,Private,No,No
802,St. Bonaventure U.,,0,0,0,0,0,0,642000,New York,Private,No,No
803,"Touro U., New York",,0,0,0,0,0,0,576000,New York,Private,No,No
804,Utica U.,,0,0,0,0,0,0,562000,New York,Private,No,No
805,"U. North Carolina, Pembroke",,0,0,0,0,0,0,290000,North Carolina,Public (U. North Carolina),No,No
806,Shaw U.,,0,0,0,0,0,0,259000,North Carolina,Private,No,No
807,Minot State U.,,0,0,0,0,0,0,187000,North Dakota,Public (North Dakota U. System),No,No
808,United Tribes Technical C.,,0,0,0,0,0,0,1270000,North Dakota,Private,No,No
809,Antioch U.,,0,0,0,0,0,0,263000,Ohio,Private,No,No
810,Baldwin Wallace U.,,0,0,0,0,0,0,167000,Ohio,Private,No,No
811,Denison U.,,0,0,0,0,0,0,845000,Ohio,Private,No,No
812,John Carroll U.,,0,0,0,0,0,0,738000,Ohio,Private,No,No
813,Oberlin C.,,0,0,0,0,0,0,1036000,Ohio,Private,No,No
814,Ohio Northern U.,,0,0,0,0,0,0,250000,Ohio,Private,No,No
815,Ohio Wesleyan U.,,0,0,0,0,0,0,267000,Ohio,Private,No,No
816,Wittenberg U.,,0,0,0,0,0,0,508000,Ohio,Private,No,No
817,Oklahoma Agricultural and Mechanical Colleges,,0,0,0,0,0,0,209890000,Oklahoma,Public (Oklahoma State System of Higher Education),No,No
818,East Central U.,,0,0,0,0,0,0,480000,Oklahoma,Public (Oklahoma State System of Higher Education),No,No
819,Northeastern State U.,,0,0,0,0,0,0,351000,Oklahoma,Public (Oklahoma State System of Higher Education),No,No
820,Southwestern Oklahoma State U.,,0,0,0,0,0,0,531000,Oklahoma,Public (Oklahoma State System of Higher Education),No,No
821,U. Oklahoma,,0,0,0,0,0,0,416601000,Oklahoma,Public (Oklahoma State System of Higher Education),No,No
822,Eastern Oregon U.,,0,0,0,0,0,0,206000,Oregon,Public,No,No
823,Southern Oregon U.,,0,0,0,0,0,0,447000,Oregon,Public,No,No
824,Linfield U.,,0,0,0,0,0,0,154000,Oregon,Private,No,No
825,National U. of Natural Medicine,,0,0,0,0,0,0,1013000,Oregon,Private,No,No
826,U. Portland,,0,0,0,0,0,0,811000,Oregon,Private,No,No
827,Bloomsburg U. Pennsylvania,,0,0,0,0,0,0,365000,Pennsylvania,Public,No,No
828,Kutztown U. Pennsylvania,,0,0,0,0,0,0,450000,Pennsylvania,Public,No,No
829,Millersville U. Pennsylvania,,0,0,0,0,0,0,395000,Pennsylvania,Public,No,No
830,Slippery Rock U. Pennsylvania,,0,0,0,0,0,0,323000,Pennsylvania,Public,No,No
831,Pennsylvania State U.,,0,0,0,0,0,0,1032322000,Pennsylvania,Public,No,No
832,"Pennsylvania State U., Abington",,0,0,0,0,0,0,323000,Pennsylvania,Public,No,No
833,"Pennsylvania State U., Altoona",,0,0,0,0,0,0,1296000,Pennsylvania,Public,No,No
834,"Pennsylvania State U., Berks",,0,0,0,0,0,0,564000,Pennsylvania,Public,No,No
835,"Pennsylvania State U., Great Valley School of Graduate Professional Studies",,0,0,0,0,0,0,432000,Pennsylvania,Public,No,No
836,"Pennsylvania State U., Greater Allegheny",,0,0,0,0,0,0,189000,Pennsylvania,Public,No,No
837,"Pennsylvania State U., Wilkes-Barre",,0,0,0,0,0,0,267000,Pennsylvania,Public,No,No
838,U. Pittsburgh,,0,0,0,0,0,0,1251998000,Pennsylvania,Public,No,No
839,American C. of Financial Services,,0,0,0,0,0,0,338000,Pennsylvania,Private,No,No
840,Arcadia U.,,0,0,0,0,0,0,1488000,Pennsylvania,Private,No,No
841,Bryn Athyn C.,,0,0,0,0,0,0,317000,Pennsylvania,Private,No,No
842,Delaware Valley U.,,0,0,0,0,0,0,265000,Pennsylvania,Private,No,No
843,Dickinson C.,,0,0,0,0,0,0,798000,Pennsylvania,Private,No,No
844,Gannon U.,,0,0,0,0,0,0,569000,Pennsylvania,Private,No,No
845,Gettysburg C.,,0,0,0,0,0,0,1030000,Pennsylvania,Private,No,No
846,Juniata C.,,0,0,0,0,0,0,545000,Pennsylvania,Private,No,No
847,La Salle U.,,0,0,0,0,0,0,917000,Pennsylvania,Private,No,No
848,Lake Erie C. of Osteopathic Medicine,,0,0,0,0,0,0,484000,Pennsylvania,Private,No,No
849,Moravian U.,,0,0,0,0,0,0,386000,Pennsylvania,Private,No,No
850,Muhlenberg C.,,0,0,0,0,0,0,447000,Pennsylvania,Private,No,No
851,Saint Francis U.,,0,0,0,0,0,0,533000,Pennsylvania,Private,No,No
852,Salus U.,,0,0,0,0,0,0,680000,Pennsylvania,Private,No,No
853,Susquehanna U.,,0,0,0,0,0,0,333000,Pennsylvania,Private,No,No
854,U. Scranton,,0,0,0,0,0,0,1207000,Pennsylvania,Private,No,No
855,Ursinus C.,,0,0,0,0,0,0,1044000,Pennsylvania,Private,No,No
856,"Widener U., Chester",,0,0,0,0,0,0,600000,Pennsylvania,Private,No,No
857,Wilkes U.,,0,0,0,0,0,0,423000,Pennsylvania,Private,No,No
858,Rhode Island Board of Governors for Higher Education,,0,0,0,0,0,0,140229000,Rhode Island,Public,No,No
859,Bryant U.,,0,0,0,0,0,0,534000,Rhode Island,Private,No,No
860,Providence C.,,0,0,0,0,0,0,2012000,Rhode Island,Private,No,No
861,Rhode Island School of Design,,0,0,0,0,0,0,1120000,Rhode Island,Private,No,No
862,Salve Regina U.,,0,0,0,0,0,0,813000,Rhode Island,Private,No,No
863,Francis Marion U.,,0,0,0,0,0,0,402000,South Carolina,Public,No,No
864,U. South Carolina,,0,0,0,0,0,0,233392000,South Carolina,Public,No,No
865,U. South Carolina Upstate,,0,0,0,0,0,0,594000,South Carolina,Public,No,No
866,"U. South Carolina, Beaufort",,0,0,0,0,0,0,1041000,South Carolina,Public,No,No
867,Benedict C.,,0,0,0,0,0,0,1059000,South Carolina,Private,No,No
868,Converse U.,,0,0,0,0,0,0,254000,South Carolina,Private,No,No
869,Oglala Lakota C.,,0,0,0,0,0,0,424000,South Dakota,Public,No,No
870,South Dakota Board of Regents,,0,0,0,0,0,0,116949000,South Dakota,Public,No,No
871,Northern State U.,,0,0,0,0,0,0,305000,South Dakota,Public,No,No
872,"U. Tennessee, Martin",,0,0,0,0,0,0,162000,Tennessee,Public,No,No
873,Lincoln Memorial U.,,0,0,0,0,0,0,1330000,Tennessee,Private,No,No
874,Lipscomb U.,,0,0,0,0,0,0,1251000,Tennessee,Private,No,No
875,Sewanee: U. of the South,,0,0,0,0,0,0,547000,Tennessee,Private,No,No
876,Texas A&M U.-Central Texas,,0,0,0,0,0,0,894000,Texas,Public,No,No
877,Angelo State U.,,0,0,0,0,0,0,740000,Texas,Public,No,No
878,Midwestern State U.,,0,0,0,0,0,0,886000,Texas,Public,No,No
879,Austin C.,,0,0,0,0,0,0,349000,Texas,Private,No,No
880,LeTourneau U.,,0,0,0,0,0,0,239000,Texas,Private,No,No
881,Southwestern U.,,0,0,0,0,0,0,520000,Texas,Private,No,No
882,U. Dallas,,0,0,0,0,0,0,564000,Texas,Private,No,No
883,Southern Utah U.,,0,0,0,0,0,0,846000,Utah,Public (Utah System of Higher Education),No,No
884,Weber State U.,,0,0,0,0,0,0,813000,Utah,Public (Utah System of Higher Education),No,No
885,Vermont State Colleges,,0,0,0,0,0,0,598000,Vermont,Public,No,No
886,Castleton U.,,0,0,0,0,0,0,598000,Vermont,Public,No,No
887,Norwich U.,,0,0,0,0,0,0,1405000,Vermont,Private,No,No
888,Saint Michael's C.,,0,0,0,0,0,0,754000,Vermont,Private,No,No
889,Longwood U.,,0,0,0,0,0,0,249000,Virginia,Public,No,No
890,Radford U.,,0,0,0,0,0,0,1056000,Virginia,Public,No,No
891,Liberty U.,,0,0,0,0,0,0,1736000,Virginia,Private,No,No
892,Roanoke C.,,0,0,0,0,0,0,955000,Virginia,Private,No,No
893,U. Lynchburg,,0,0,0,0,0,0,164000,Virginia,Private,No,No
894,Washington and Lee U.,,0,0,0,0,0,0,249000,Virginia,Private,No,No
895,Evergreen State C.,,0,0,0,0,0,0,586000,Washington,Public,No,No
896,U. Washington,,0,0,0,0,0,0,1573389000,Washington,Public,No,No
897,Gonzaga U.,,0,0,0,0,0,0,640000,Washington,Private,No,No
898,Pacific Lutheran U.,,0,0,0,0,0,0,495000,Washington,Private,No,No
899,Saint Martin's U.,,0,0,0,0,0,0,305000,Washington,Private,No,No
900,Seattle Pacific U.,,0,0,0,0,0,0,742000,Washington,Private,No,No
901,Whitworth U.,,0,0,0,0,0,0,465000,Washington,Private,No,No
902,Bluefield State U.,,0,0,0,0,0,0,642000,West Virginia,Public (West Virginia Higher Education Policy Commission),No,No
903,West Liberty U.,,0,0,0,0,0,0,815000,West Virginia,Public (West Virginia Higher Education Policy Commission),No,No
904,Future Generations U.,,0,0,0,0,0,0,312000,West Virginia,Private,No,No
905,U. Wisconsin-River Falls,,0,0,0,0,0,0,1546000,Wisconsin,Public (U. Wisconsin System),No,No
906,U. Wisconsin-Stout,,0,0,0,0,0,0,367000,Wisconsin,Public (U. Wisconsin System),No,No
907,U. Wisconsin-Whitewater,,0,0,0,0,0,0,713000,Wisconsin,Public (U. Wisconsin System),No,No
908,Alverno C.,,0,0,0,0,0,0,228000,Wisconsin,Private,No,No
909,"Concordia U., Wisconsin",,0,0,0,0,0,0,168000,Wisconsin,Private,No,No
910,Lawrence U.,,0,0,0,0,0,0,671000,Wisconsin,Private,No,No
911,St. Norbert C.,,0,0,0,0,0,0,741000,Wisconsin,Private,No,No
912,Central Wyoming C.,,0,0,0,0,0,0,504000,Wyoming,Public (Wyoming Department of Education),No,No
913,American Samoa Community C.,,0,0,0,0,0,0,961000,American Samoa,Public,No,No
914,"U. Puerto Rico, Aguadilla",,0,0,0,0,0,0,823000,Puerto Rico,Public (U. Puerto Rico),No,No
915,"U. Puerto Rico, Ponce",,0,0,0,0,0,0,1369000,Puerto Rico,Public (U. Puerto Rico),No,No
916,"U. Ana G. Mendez, Carolina",,0,0,0,0,0,0,645000,Puerto Rico,Private,No,No
917,"U. Ana G. Mendez, Cupey",,0,0,0,0,0,0,728000,Puerto Rico,Private,No,No
918,Polytechnic U. Puerto Rico,,0,0,0,0,0,0,620000,Puerto Rico,Private,No,No
919,"Pontifical Catholic U. Puerto Rico, Ponce",,0,0,0,0,0,0,334000,Puerto Rico,Private,No,No
920,San Juan Bautista School of Medicine,,0,0,0,0,0,0,662000,Puerto Rico,Private,No,No
